userId,questionId,score,timestamp
1,1,3,964982703
1,2,5,964981247
1,3,4,964982224
1,4,1,964983815
1,5,5,964982931
1,6,1,964982400
1,7,0,964980868
1,8,0,964982176
1,9,1,964984041
1,10,3,964984100
1,11,4,964983650
1,12,0,964981208
1,13,5,964980985
1,14,5,964981179
1,15,5,964980908
1,16,1,964981680
1,17,2,964982967
1,18,1,964982310
1,19,3,964981179
1,20,5,964982563
1,21,2,964980962
1,22,3,964982588
1,23,5,964981710
1,24,4,964982363
1,25,0,964980868
1,26,4,964981909
1,27,3,964982346
1,28,0,964981208
1,29,0,964984002
1,30,5,964981179
1,31,4,964982653
1,32,5,964984153
1,33,5,964982546
1,34,2,964982271
1,35,0,964983793
1,36,2,964982838
1,37,4,964982931
1,38,0,964982563
1,39,2,964982838
1,40,2,964981775
1,41,1,964982400
1,42,0,964982653
1,43,5,964984086
1,44,1,964980499
1,45,4,964982475
1,46,2,964981529
1,47,4,964982176
1,48,3,964983614
1,49,0,964983219
1,50,2,964981775
1,51,2,964982681
1,52,0,964982876
1,53,5,964982791
1,54,1,964982855
1,55,5,964982903
1,56,5,964982653
1,57,4,964982791
1,58,5,964981179
1,59,4,964982400
1,60,0,964980924
1,61,4,964981680
1,62,2,964981327
1,63,0,964982951
1,64,1,964984018
1,65,1,964983484
1,66,0,964981680
1,67,2,964982513
1,68,2,964981327
1,69,0,964981827
1,70,0,964981872
1,71,5,964981827
1,72,5,964983737
1,73,1,964983250
1,74,5,964980499
1,75,2,964982951
1,76,3,964981855
1,77,1,964983393
1,78,1,964981909
1,79,2,964981909
1,80,3,964984018
1,81,0,964983618
1,82,0,964983723
1,83,2,964981442
1,84,5,964983414
1,85,4,964983599
1,86,1,964983705
1,87,5,964982290
1,88,5,964983414
1,89,3,964982703
1,90,3,964981909
1,91,1,964984086
1,92,5,964983393
1,93,5,964982653
1,94,3,964983017
1,95,0,964982310
1,96,3,964984112
1,97,1,964980875
1,98,0,964980985
1,99,3,964981107
1,100,4,964982620
2,1,0,964982290
2,2,1,964981125
2,3,1,964982346
2,4,2,964982951
2,5,5,964983056
2,6,2,964983504
2,7,0,964983536
2,8,4,964982620
2,9,4,964981125
2,10,1,964981230
2,11,1,964981404
2,12,2,964983034
2,13,1,964983056
2,14,2,964981780
2,15,0,964981497
2,16,1,964982176
2,17,3,964981710
2,18,5,964982211
2,19,1,964981710
2,20,5,964984176
2,21,2,964980523
2,22,3,964981888
2,23,4,964982903
2,24,4,964982563
2,25,1,964982791
2,26,3,964981747
2,27,3,964982400
2,28,1,964982838
2,29,3,964982838
2,30,3,964981710
2,31,3,964982653
2,32,4,964982838
2,33,3,964982588
2,34,1,964981725
2,35,4,964982529
2,36,3,964982876
2,37,1,964982791
2,38,1,964982791
2,39,0,964982838
2,40,2,964981725
2,41,0,964981710
2,42,0,964981680
2,43,4,964981710
2,44,0,964981775
2,45,2,964982989
2,46,0,964982310
2,47,4,964983664
2,48,4,964983263
2,49,0,964983546
2,50,0,964983861
2,51,4,964982462
2,52,2,964983123
2,53,1,964983094
2,54,4,964981093
2,55,4,964982310
2,56,3,964982513
2,57,2,964982242
2,58,4,964982620
2,59,1,964983414
2,60,5,964982588
2,61,0,964984169
2,62,3,965719662
2,63,2,964981278
2,64,5,964982328
2,65,0,964982242
2,66,1,964981265
2,67,4,964981888
2,68,1,964983000
2,69,5,964981144
2,70,4,964983080
2,71,2,964982588
2,72,2,964980523
2,73,5,964982377
2,74,3,964982620
2,75,5,964983393
2,76,5,964983414
2,77,1,964983393
2,78,3,964983426
2,79,0,964981855
2,80,3,964980985
2,81,0,964983414
2,82,0,964982703
2,83,0,964981710
2,84,1,964980523
2,85,1,964980868
2,86,5,964981680
2,87,1,964982703
2,88,3,964982290
2,89,0,964981872
2,90,5,964982176
2,91,4,964982191
2,92,2,964981888
2,93,4,964983282
2,94,3,964983034
2,95,5,964982495
2,96,4,964982271
2,97,0,964982242
2,98,4,964980896
2,99,2,964983762
2,100,0,964982791
3,1,2,964981208
3,2,0,964984086
3,3,2,964981872
3,4,0,964983873
3,5,1,964982495
3,6,3,964983504
3,7,1,964981093
3,8,3,964983108
3,9,2,964981107
3,10,3,964983536
3,11,0,964983484
3,12,3,964981799
3,13,4,964981799
3,14,2,964982328
3,15,4,964984054
3,16,1,964981144
3,17,0,964981725
3,18,2,964981775
3,19,2,964982271
3,20,4,964980668
3,21,0,964980683
3,22,4,964982271
3,23,3,964981589
3,24,4,964983737
3,25,5,964981909
3,26,2,964982363
3,27,5,964982417
3,28,2,964980694
3,29,2,964981855
3,30,1,964981220
3,31,1,964982903
3,32,2,964984002
3,33,0,1445714835
3,34,0,1445715029
3,35,1,1445715228
3,36,5,1445714885
3,37,1,1445714952
3,38,4,1445714960
3,39,0,1445715013
3,40,0,1445715064
3,41,3,1445715141
3,42,2,1445714980
3,43,3,1445715154
3,44,5,1445714974
3,45,5,1445714926
3,46,2,1445714941
3,47,3,1445714841
3,48,0,1445715340
3,49,3,1445715172
3,50,5,1445715166
3,51,5,1445715189
3,52,1,1445714891
3,53,4,1445714938
3,54,4,1445714874
3,55,4,1445714966
3,56,5,1445715145
3,57,3,1445714882
3,58,0,1445715276
3,59,4,1445714854
3,60,0,1445715272
3,61,4,1445714851
3,62,1,1306463578
3,63,4,1306464275
3,64,3,1306463619
3,65,3,1306464228
3,66,0,1306463595
3,67,3,1306463611
3,68,5,1306463567
3,69,2,1306463627
3,70,4,1306464216
3,71,5,1306463569
3,72,1,1306463624
3,73,4,1306463323
3,74,0,1306464189
3,75,4,1306463561
3,76,0,1306464003
3,77,1,1306464175
3,78,0,1306463572
3,79,2,1306464261
3,80,0,1306463559
3,81,0,1306463631
3,82,5,1306464293
3,83,1,1306463925
3,84,0,1306464054
3,85,1,1306463638
3,86,1,1306463603
3,87,5,1306464245
3,88,4,1306463770
3,89,2,1306464284
3,90,1,1306463718
3,91,1,1306463708
3,92,3,1306464021
3,93,5,1306463825
3,94,2,1306464204
3,95,0,1306463670
3,96,4,1306464036
3,97,5,1306463684
3,98,2,1306463993
3,99,1,1306463815
3,100,3,1306464164
4,1,3,986935199
4,2,5,945173447
4,3,5,986935047
4,4,5,945173425
4,5,4,964622786
4,6,1,964538444
4,7,5,986848784
4,8,4,964622758
4,9,3,986848920
4,10,0,945078571
4,11,5,945078428
4,12,5,964622565
4,13,0,945079259
4,14,0,945079078
4,15,2,945629040
4,16,3,964622684
4,17,4,945173513
4,18,2,986848894
4,19,1,945079259
4,20,5,964538468
4,21,3,945173350
4,22,5,945079182
4,23,3,964538500
4,24,1,945629063
4,25,2,964622786
4,26,0,986934901
4,27,4,964623306
4,28,5,945078690
4,29,3,945078467
4,30,1,986934915
4,31,3,986848828
4,32,1,945079259
4,33,2,945174290
4,34,0,945079872
4,35,4,945079106
4,36,3,945078636
4,37,2,964538832
4,38,2,945079301
4,39,5,945079670
4,40,5,964539986
4,41,1,986848609
4,42,3,945078587
4,43,2,964540008
4,44,4,945079906
4,45,0,986935230
4,46,2,945078601
4,47,2,945079106
4,48,4,964622714
4,49,0,964623347
4,50,5,945079653
4,51,1,945078446
4,52,2,945079837
4,53,3,945173902
4,54,5,945173989
4,55,0,945173902
4,56,4,945079670
4,57,5,945079521
4,58,0,945173602
4,59,5,964538571
4,60,2,986849085
4,61,5,945079232
4,62,2,945173654
4,63,4,964540578
4,64,5,986934819
4,65,5,945079483
4,66,1,945173692
4,67,1,945078946
4,68,4,986934696
4,69,4,945079259
4,70,3,964539723
4,71,4,964538500
4,72,1,964539723
4,73,5,986934625
4,74,1,964539180
4,75,1,964778513
4,76,5,964538500
4,77,1,964538763
4,78,5,964538763
4,79,3,964538728
4,80,2,945078967
4,81,2,945174025
4,82,5,964539205
4,83,0,945079729
4,84,5,964539961
4,85,3,964539326
4,86,4,945174008
4,87,2,964538728
4,88,0,964622684
4,89,5,986849037
4,90,3,986934832
4,91,3,945079653
4,92,1,945078690
4,93,0,945079653
4,94,1,964538763
4,95,2,945078467
4,96,1,945173766
4,97,2,945079767
4,98,4,945173492
4,99,1,964622830
4,100,3,945079790
5,1,2,986935244
5,2,3,945079906
5,3,1,945079837
5,4,4,964622758
5,5,2,945629015
5,6,0,945079956
5,7,1,945079889
5,8,1,945079143
5,9,2,964539357
5,10,1,945174134
5,11,5,986849001
5,12,2,964622642
5,13,0,964622617
5,14,2,964539431
5,15,2,945629179
5,16,4,964540505
5,17,4,964622714
5,18,0,986934786
5,19,1,986934870
5,20,4,945079653
5,21,3,964622684
5,22,5,945078967
5,23,4,986934786
5,24,1,945078690
5,25,5,945079052
5,26,1,945079521
5,27,5,986935016
5,28,5,986935328
5,29,2,986934738
5,30,2,964539855
5,31,5,945174008
5,32,3,945079729
5,33,1,964540008
5,34,1,945629238
5,35,1,964622590
5,36,0,964538964
5,37,4,945078467
5,38,0,964622590
5,39,3,945079164
5,40,1,964623306
5,41,2,986935302
5,42,0,945079858
5,43,2,945173385
5,44,3,945078863
5,45,3,964622684
5,46,2,986848894
5,47,4,945079790
5,48,3,945079013
5,49,4,945078542
5,50,2,964539986
5,51,5,964778621
5,52,1,945173553
5,53,2,964539628
5,54,1,945078814
5,55,3,964539140
5,56,3,986935016
5,57,3,945078708
5,58,0,986934870
5,59,4,945078528
5,60,5,945078946
5,61,0,986848610
5,62,0,986936200
5,63,2,945079920
5,64,3,986934884
5,65,5,964778197
5,66,1,964622487
5,67,2,964539121
5,68,0,964538930
5,69,0,964539771
5,70,1,964539828
5,71,3,964623306
5,72,3,986934498
5,73,1,964622758
5,74,2,964538329
5,75,5,964539395
5,76,2,986849238
5,77,0,964538243
5,78,4,986848908
5,79,0,964538351
5,80,0,986849212
5,81,0,986935199
5,82,5,964539085
5,83,3,986936207
5,84,4,986849180
5,85,2,986934465
5,86,2,986849149
5,87,5,986849164
5,88,1,986849130
5,89,2,986934819
5,90,3,986849254
5,91,5,986848856
5,92,0,986849180
5,93,5,986849201
5,94,3,986849226
5,95,4,986849149
5,96,3,986848753
5,97,0,986848665
5,98,4,986934901
5,99,1,986848685
5,100,0,986848700
6,1,3,1007569424
6,2,3,986848685
6,3,1,1007574542
6,4,3,1007569465
6,5,1,1007569424
6,6,1,1007574470
6,7,5,1007569465
6,8,4,1007569586
6,9,0,1007574509
6,10,1,1007569586
6,11,0,1007574532
6,12,3,1007569445
6,13,3,1007569445
6,14,1,1007574532
6,15,2,1007569465
6,16,0,1007569424
6,17,0,847434962
6,18,4,847435238
6,19,4,847434881
6,20,1,847435292
6,21,5,847434961
6,22,3,847434881
6,23,2,847435238
6,24,1,847434880
6,25,0,847434748
6,26,2,847434802
6,27,0,847435292
6,28,4,847435337
6,29,4,847435292
6,30,5,847435238
6,31,5,847435129
6,32,3,847435311
6,33,2,847435311
6,34,3,847434748
6,35,4,847435337
6,36,2,847434832
6,37,4,847434880
6,38,5,847434802
6,39,3,847434832
6,40,5,847435238
6,41,1,847434882
6,42,0,847435129
6,43,5,847434748
6,44,1,847435292
6,45,3,847434801
6,46,3,847435337
6,47,1,847435311
6,48,0,847435129
6,49,3,847434960
6,50,5,847435258
6,51,1,847435311
6,52,1,847434801
6,53,4,847435258
6,54,0,847434747
6,55,1,847434747
6,56,1,847435238
6,57,3,847434832
6,58,2,847435292
6,59,5,847434962
6,60,1,847435258
6,61,2,845553522
6,62,5,845554296
6,63,3,845554349
6,64,1,845553938
6,65,0,845553757
6,66,3,845554264
6,67,2,845555281
6,68,4,845553253
6,69,2,845553489
6,70,0,845555588
6,71,1,845554505
6,72,3,845553819
6,73,4,845553559
6,74,0,845553382
6,75,4,845553382
6,76,1,845553875
6,77,0,845554397
6,78,5,845553695
6,79,5,845555362
6,80,4,845555402
6,81,1,845553819
6,82,2,845553426
6,83,5,845553354
6,84,2,845553726
6,85,2,845554962
6,86,2,845555607
6,87,1,845553907
6,88,4,845554551
6,89,0,845553317
6,90,5,845553381
6,91,2,845555402
6,92,4,845554263
6,93,3,845555454
6,94,5,845553660
6,95,1,845555070
6,96,2,845555151
6,97,0,845555317
6,98,4,845554907
6,99,5,845556131
6,100,1,845555300
7,1,5,845555694
7,2,4,845555124
7,3,0,845555454
7,4,1,845554584
7,5,4,845553559
7,6,5,845555151
7,7,4,845555436
7,8,1,845554349
7,9,1,845553757
7,10,5,845553283
7,11,4,845553994
7,12,4,845556257
7,13,0,845555342
7,14,2,845554987
7,15,5,845555024
7,16,2,845553586
7,17,2,845553966
7,18,2,845555607
7,19,2,845553110
7,20,2,845553586
7,21,2,845553146
7,22,3,845553660
7,23,5,845555006
7,24,3,845553457
7,25,3,845553253
7,26,2,845553907
7,27,0,845553146
7,28,0,845553695
7,29,4,845554263
7,30,4,845555402
7,31,2,845554479
7,32,5,845554931
7,33,5,845555362
7,34,3,845555006
7,35,5,845553938
7,36,4,845553283
7,37,4,845553619
7,38,3,845556241
7,39,2,845554931
7,40,1,845554455
7,41,0,845553586
7,42,2,845556290
7,43,3,845553619
7,44,4,845555477
7,45,0,845554024
7,46,5,845553253
7,47,3,845556106
7,48,3,845556310
7,49,5,845556181
7,50,2,845554099
7,51,3,845555382
7,52,0,845553994
7,53,3,845556131
7,54,1,845554024
7,55,3,845553794
7,56,2,845553381
7,57,4,845553966
7,58,0,845553174
7,59,2,845554176
7,60,5,845553559
7,61,1,845553875
7,62,1,845554987
7,63,0,845555571
7,64,2,845555588
7,65,0,845554263
7,66,0,845555588
7,67,3,845556257
7,68,0,845553619
7,69,2,845553283
7,70,2,845555655
7,71,2,845553726
7,72,5,845554176
7,73,0,845555172
7,74,0,845553695
7,75,0,845554551
7,76,2,845553726
7,77,4,845553457
7,78,5,845554376
7,79,0,845555172
7,80,1,845555249
7,81,4,845553875
7,82,2,845555151
7,83,1,845553907
7,84,4,845553844
7,85,4,845555436
7,86,4,845554320
7,87,1,845553522
7,88,1,845553283
7,89,1,845554455
7,90,0,845555571
7,91,4,845553253
7,92,3,845553660
7,93,1,845553110
7,94,2,845555436
7,95,4,845554099
7,96,2,845555546
7,97,4,845556119
7,98,1,845555151
7,99,1,845555546
7,100,0,845554603
8,1,2,845553522
8,2,4,845553174
8,3,0,845553457
8,4,2,845553200
8,5,4,845554062
8,6,3,845553200
8,7,1,845555071
8,8,1,845555046
8,9,3,845553757
8,10,0,845556223
8,11,1,845553586
8,12,1,845553253
8,13,2,845555265
8,14,1,845553938
8,15,4,845555172
8,16,1,845553146
8,17,4,845555300
8,18,4,845553938
8,19,3,845553146
8,20,1,845553489
8,21,3,845554455
8,22,1,845555382
8,23,4,845553726
8,24,4,845555402
8,25,2,845553819
8,26,2,845553200
8,27,3,845553457
8,28,2,845555265
8,29,3,845556412
8,30,1,845555094
8,31,5,845554376
8,32,3,845553994
8,33,0,845553317
8,34,0,845554962
8,35,0,845553317
8,36,3,845553726
8,37,5,845553794
8,38,1,845554141
8,39,1,845554296
8,40,2,845553317
8,41,0,845554987
8,42,4,845553110
8,43,1,845553994
8,44,4,845554397
8,45,2,845554320
8,46,5,845554603
8,47,4,845553354
8,48,1,845554505
8,49,0,845554420
8,50,1,845554962
8,51,0,845554224
8,52,1,845554551
8,53,1,845553489
8,54,4,845553200
8,55,5,845553489
8,56,0,845554505
8,57,4,845553457
8,58,5,845555124
8,59,1,845555024
8,60,4,845553283
8,61,1,845554062
8,62,2,845553174
8,63,1,845555546
8,64,1,845555281
8,65,2,845553844
8,66,4,845553907
8,67,5,845555477
8,68,5,845555632
8,69,3,845553522
8,70,2,845554099
8,71,5,845554141
8,72,2,845553200
8,73,5,845553794
8,74,5,845554505
8,75,2,845554584
8,76,2,845554141
8,77,3,845555172
8,78,5,845554176
8,79,3,845553819
8,80,4,845553354
8,81,2,845554455
8,82,4,845555317
8,83,0,845553586
8,84,5,845553522
8,85,3,845555546
8,86,0,845553794
8,87,3,845554908
8,88,1,845553844
8,89,4,845554479
8,90,4,845553426
8,91,5,845554296
8,92,1,845554224
8,93,2,845556181
8,94,1,845554551
8,95,4,845553426
8,96,3,845554099
8,97,0,845554524
8,98,2,845554099
8,99,5,845554349
8,100,0,845554908
9,1,3,845553875
9,2,1,845553559
9,3,4,845555342
9,4,4,845555070
9,5,0,845553381
9,6,0,845553146
9,7,4,845553317
9,8,2,845553109
9,9,1,845553109
9,10,0,845553174
9,11,0,845553819
9,12,2,845553174
9,13,3,845554141
9,14,2,845553354
9,15,3,845555024
9,16,3,845553844
9,17,4,845555342
9,18,4,845554062
9,19,4,845555300
9,20,4,845555265
9,21,0,845555046
9,22,4,845555362
9,23,3,845555151
9,24,5,845556147
9,25,4,845555342
9,26,1,845555694
9,27,2,845556378
9,28,1,845556147
9,29,3,845555571
9,30,0,845554376
9,31,4,845555249
9,32,5,845556223
9,33,1,845555317
9,34,0,845555694
9,35,1,845553619
9,36,4,845555046
9,37,4,845555006
9,38,0,845555632
9,39,0,845556462
9,40,0,845556915
9,41,0,845554584
9,42,4,845556506
9,43,4,845555656
9,44,3,845556194
9,45,1,845554584
9,46,5,845555514
9,47,2,845556222
9,48,3,845556194
9,49,4,845556241
9,50,4,845555514
9,51,4,845556120
9,52,0,845555675
9,53,1,845556340
9,54,4,845555694
9,55,5,845556412
9,56,1,845556181
9,57,0,845556340
9,58,0,845556448
9,59,0,845556241
9,60,1,845556808
9,61,0,845556567
9,62,2,845556475
9,63,1,845556808
9,64,5,845556323
9,65,3,845556412
9,66,3,845556506
9,67,5,845556694
9,68,4,845556462
9,69,0,845556694
9,70,0,845556860
9,71,2,845556579
9,72,4,845555571
9,73,1,845556278
9,74,3,845555454
9,75,4,1106635946
9,76,1,1106635993
9,77,0,1106635520
9,78,4,1106635925
9,79,4,1106635987
9,80,1,1106635933
9,81,4,1106635915
9,82,2,1106635937
9,83,2,1106635532
9,84,5,1106635917
9,85,4,1106635714
9,86,1,1106635971
9,87,1,1106635940
9,88,1,1106635922
9,89,1,1106635912
9,90,1,1106712636
9,91,4,1106635981
9,92,5,1106636810
9,93,4,1106635943
9,94,3,1106635685
9,95,1,1106712615
9,96,0,1106635502
9,97,0,1106712613
9,98,3,1106635996
9,99,3,1106635462
9,100,4,1106635965
10,1,3,1106635496
10,2,3,1106635464
10,3,2,1106712575
10,4,5,1106635678
10,5,2,1106635681
10,6,1,1106635489
10,7,4,1106635423
10,8,2,1106635429
10,9,4,1107127060
10,10,4,1106635653
10,11,5,1106635416
10,12,2,1106635484
10,13,3,1106635444
10,14,1,1106635657
10,15,0,1106713565
10,16,3,1106712559
10,17,2,1106635625
10,18,2,1106635640
10,19,5,1106712553
10,20,4,1106635540
10,21,1,1113542732
10,22,4,1106635420
10,23,2,1106713072
10,24,3,1106713076
10,25,4,1106713081
10,26,3,1106635648
10,27,0,1106712546
10,28,1,1106635500
10,29,0,1106713005
10,30,2,1106712549
10,31,2,1106636534
10,32,0,1106712541
10,33,0,1106635630
10,34,5,1106635733
10,35,2,1106636596
10,36,2,1106635635
10,37,2,1161738301
10,38,4,1106712913
10,39,1,1106635742
10,40,0,1110855253
10,41,4,1106635524
10,42,1,1107127033
10,43,1,1106712869
10,44,2,1106635749
10,45,1,1109746591
10,46,3,1161738352
10,47,0,1106635738
10,48,2,1106636531
10,49,4,1106636718
10,50,1,1106636702
10,51,2,1106636589
10,52,4,1106636610
10,53,4,1106712866
10,54,2,1106636606
10,55,2,1106635735
10,56,2,1106636707
10,57,5,1106712820
10,58,5,1106636612
10,59,3,1106635745
10,60,2,1106713586
10,61,5,1106635705
10,62,1,1106636527
10,63,4,1106636600
10,64,1,1106712818
10,65,5,1106636516
10,66,1,1106712831
10,67,5,1157949714
10,68,3,1106636584
10,69,0,1106712827
10,70,5,1106712812
10,71,4,1106636579
10,72,3,1106636520
10,73,3,1173051472
10,74,5,1107473963
10,75,1,1106713442
10,76,3,1106636782
10,77,0,1106636592
10,78,4,1108602792
10,79,5,1106636844
10,80,5,1106636511
10,81,3,1108602755
10,82,1,1106779625
10,83,4,1161738306
10,84,2,1106636602
10,85,2,1109746594
10,86,2,1106713549
10,87,3,1118025961
10,88,4,1110757877
10,89,2,1122333561
10,90,0,1110757890
10,91,5,1106636098
10,92,4,1110173697
10,93,4,1106636064
10,94,2,1106636095
10,95,2,1106636069
10,96,4,1111552650
10,97,2,1106636101
10,98,1,1107474020
10,99,4,1113353083
10,100,2,1107127004
11,1,4,1118025982
11,2,4,1118025946
11,3,4,1122940686
11,4,3,1118026013
11,5,0,1128486479
11,6,2,1116550784
11,7,2,1121041079
11,8,0,1121041002
11,9,1,1125442102
11,10,0,1121041015
11,11,4,1122333538
11,12,1,1162163504
11,13,4,1149548381
11,14,2,1144806100
11,15,2,1157949636
11,16,3,1157066190
11,17,1,1159225196
11,18,0,1161738279
11,19,3,1157949732
11,20,0,1169687318
11,21,0,1162163488
11,22,4,1174263740
11,23,5,1165876367
11,24,2,1174263775
11,25,5,1176181731
11,26,1,1173051469
11,27,3,839463806
11,28,3,839463509
11,29,2,839463806
11,30,4,839463564
11,31,4,839463624
11,32,2,839463546
11,33,0,839463644
11,34,0,839463546
11,35,2,839463644
11,36,0,839463527
11,37,3,839464076
11,38,3,839463422
11,39,2,839463451
11,40,4,839463509
11,41,4,839463856
11,42,2,839463509
11,43,3,839463470
11,44,5,839464076
11,45,3,839463767
11,46,4,839463856
11,47,3,839463509
11,48,3,839463767
11,49,5,839463489
11,50,1,839463422
11,51,5,839463644
11,52,1,839463489
11,53,1,839463509
11,54,3,839463527
11,55,4,839463767
11,56,2,839463546
11,57,0,839463564
11,58,0,839463644
11,59,0,839463422
11,60,4,839463702
11,61,3,839463728
11,62,0,839463546
11,63,0,839463489
11,64,3,839463527
11,65,4,839463624
11,66,4,839463728
11,67,4,839463728
11,68,0,839463702
11,69,3,839463702
11,70,2,839463422
11,71,5,839463422
11,72,2,839463470
11,73,2,839463728
11,74,1,1044656650
11,75,1,1044657119
11,76,5,1044656650
11,77,3,1044656716
11,78,0,1044657102
11,79,5,1044657026
11,80,3,1044657026
11,81,2,1044656650
11,82,3,1044657088
11,83,2,1044656716
11,84,2,1044657088
11,85,4,1044656650
11,86,2,1044656716
11,87,1,1044657200
11,88,0,1044657237
11,89,2,1044656650
11,90,3,1044657072
11,91,1,1044657221
11,92,0,1044656716
11,93,1,1044656650
11,94,2,1044656650
11,95,4,1044657051
11,96,0,1044657221
11,97,2,1044656650
11,98,3,1044657051
11,99,0,1044656811
11,100,2,1044656811
12,1,1,1044656792
12,2,4,1044656836
12,3,3,1044656836
12,4,3,1044656836
12,5,0,1044656836
12,6,4,1044657318
12,7,0,1044657269
12,8,5,1044656962
12,9,5,1044656792
12,10,0,1044657318
12,11,1,1044657144
12,12,2,1044656934
12,13,5,1044656908
12,14,0,1044656962
12,15,5,1044657338
12,16,2,1044657185
12,17,4,1044657269
12,18,5,1044657072
12,19,5,1044657285
12,20,2,1455303387
12,21,4,1455301685
12,22,0,1455306173
12,23,3,1455357645
12,24,2,1455302254
12,25,2,1455306152
12,26,4,1455619275
12,27,0,1455303518
12,28,3,1455357613
12,29,4,1455301699
12,30,3,1455306183
12,31,0,1455356378
12,32,1,1455357517
12,33,0,1455356388
12,34,3,1455356578
12,35,3,1455356582
12,36,0,1455356591
12,37,0,1455398344
12,38,5,1455302676
12,39,2,1455356595
12,40,0,1455398321
12,41,3,1455356385
12,42,4,1455301798
12,43,5,1455399329
12,44,3,1455301898
12,45,0,1455357578
12,46,5,1455303078
12,47,3,1455356588
12,48,4,1455397999
12,49,1,1455357557
12,50,0,1455303070
12,51,0,1455306101
12,52,1,1455398379
12,53,1,1455301621
12,54,0,1455399533
12,55,4,1455302670
12,56,4,1455356347
12,57,4,1455399087
12,58,4,1455303046
12,59,2,1455402085
12,60,2,1455303057
12,61,0,1455399289
12,62,0,1455356656
12,63,2,1455398107
12,64,1,1455301847
12,65,4,1455356713
12,66,2,1455356327
12,67,3,1455397936
12,68,4,1455303064
12,69,1,1455302401
12,70,5,1455302697
12,71,1,1455398160
12,72,3,1455398096
12,73,3,1455357527
12,74,4,1455357602
12,75,5,1455398153
12,76,0,1455357626
12,77,5,1455302031
12,78,5,1455356796
12,79,0,1455301745
12,80,4,1455301854
12,81,4,1455401876
12,82,2,1455302162
12,83,3,1455357502
12,84,1,1455356357
12,85,2,1455359663
12,86,0,1455399396
12,87,4,1455356320
12,88,1,1455301825
12,89,2,1455357531
12,90,4,1455302791
12,91,5,1455302113
12,92,1,1455357564
12,93,2,1455398002
12,94,1,1455302689
12,95,1,1455301965
12,96,0,1455398339
12,97,1,1455302183
12,98,4,1455356863
12,99,0,1455357607
12,100,1,1455357596
13,1,5,1455304158
13,2,1,1455302747
13,3,4,1455399200
13,4,5,1455357636
13,5,1,1455398141
13,6,0,1455301869
13,7,5,1455301741
13,8,4,1455399573
13,9,0,1455356987
13,10,0,1455301822
13,11,2,1455398131
13,12,1,1455356351
13,13,5,1455356691
13,14,5,1455357541
13,15,4,1455302684
13,16,2,1455356988
13,17,2,1455306124
13,18,4,1455399347
13,19,3,1455357716
13,20,3,1455302591
13,21,5,1455399313
13,22,2,1455357720
13,23,3,1455398390
13,24,0,1455357730
13,25,4,1455398396
13,26,1,1455306257
13,27,5,1455357504
13,28,4,1455399281
13,29,4,1455356990
13,30,3,1455302120
13,31,2,1455301553
13,32,3,1455357387
13,33,4,1455398177
13,34,3,1455356885
13,35,0,1455398127
13,36,0,1455399376
13,37,3,1455302172
13,38,5,1455301892
13,39,3,1455398105
13,40,4,1455356994
13,41,4,1455398111
13,42,4,1455356177
13,43,1,1455357653
13,44,1,1455399232
13,45,3,1455357076
13,46,0,1455306204
13,47,4,1455398089
13,48,2,1455399188
13,49,0,1455302315
13,50,0,1455398092
13,51,5,1455357656
13,52,2,1455398144
13,53,0,1455357698
13,54,5,1455398275
13,55,1,1455302650
13,56,2,1455357384
13,57,0,1455302192
13,58,2,1455356898
13,59,0,1455356776
13,60,4,902154266
13,61,0,902154316
13,62,1,902155135
13,63,2,902154593
13,64,1,902154458
13,65,3,902154266
13,66,0,902154266
13,67,1,902154593
13,68,0,902154567
13,69,3,902154621
13,70,0,902154706
13,71,0,902154383
13,72,2,902155070
13,73,1,902154342
13,74,5,901200263
13,75,5,904510567
13,76,5,902154684
13,77,4,902154431
13,78,4,902154431
13,79,4,902154685
13,80,2,902154316
13,81,3,902154805
13,82,5,902154431
13,83,0,902154383
13,84,5,902154805
13,85,5,902154514
13,86,1,902155043
13,87,5,902154266
13,88,5,902155102
13,89,5,902154514
13,90,4,902154431
13,91,5,902154542
13,92,4,902154487
13,93,0,902154621
13,94,3,901200233
13,95,3,902154266
13,96,0,902155136
13,97,1,902154383
13,98,4,902154542
13,99,3,902154685
13,100,5,902154383
14,1,1,902154647
14,2,1,902154431
14,3,5,902154458
14,4,5,902154542
14,5,2,902155136
14,6,1,902154487
14,7,1,902154487
14,8,1,902154647
14,9,4,902154316
14,10,5,902154542
14,11,3,902154647
14,12,0,902155102
14,13,4,902155102
14,14,5,902154989
14,15,3,902155043
14,16,4,901200111
14,17,3,901200143
14,18,1,901200037
14,19,3,901200070
14,20,0,904510428
14,21,2,902154383
14,22,3,904510428
14,23,3,902153951
14,24,2,1247264471
14,25,5,1247264411
14,26,2,1247263465
14,27,1,1247263375
14,28,0,1247263357
14,29,3,1247263371
14,30,5,1247264106
14,31,0,1247263318
14,32,2,1247263452
14,33,2,1247264096
14,34,3,1247264114
14,35,5,1247264118
14,36,0,1247263404
14,37,5,1247263395
14,38,0,1247264463
14,39,1,1247263334
14,40,0,1247263670
14,41,5,1247263337
14,42,1,1247263495
14,43,1,1247264406
14,44,5,1247263689
14,45,5,1247263444
14,46,0,1247263398
14,47,0,1247263428
14,48,4,1247264220
14,49,4,1247263471
14,50,3,1247264420
14,51,4,1247264417
14,52,3,1247264138
14,53,2,1247264151
14,54,1,1247264192
14,55,1,1247264457
14,56,0,987895819
14,57,2,987456968
14,58,4,987456968
14,59,4,987457052
14,60,1,987456848
14,61,1,987457086
14,62,4,987895819
14,63,2,987456818
14,64,0,987456818
14,65,5,987456968
14,66,5,987456818
14,67,1,987456818
14,68,4,987457007
14,69,0,987895952
14,70,0,987895720
14,71,1,987895651
14,72,2,987895902
14,73,3,987895902
14,74,5,987895952
14,75,1,987895902
14,76,5,987895902
14,77,4,987895720
14,78,1,987895952
14,79,0,987896183
14,80,1,987895651
14,81,0,987895582
14,82,2,987895651
14,83,5,987895952
14,84,0,987895902
14,85,4,987895651
14,86,0,987895720
14,87,0,835441653
14,88,4,835441989
14,89,2,835441168
14,90,5,835441394
14,91,0,835441168
14,92,3,835441186
14,93,1,835441133
14,94,3,835441295
14,95,5,835441371
14,96,0,835441107
14,97,4,835440977
14,98,2,835441012
14,99,1,835441371
14,100,5,835441042
15,1,0,835441168
15,2,5,835441239
15,3,4,835441107
15,4,3,835440978
15,5,2,835441042
15,6,3,835441239
15,7,5,835441066
15,8,2,835441012
15,9,1,835441686
15,10,4,835441239
15,11,0,835441210
15,12,0,835441620
15,13,3,835441328
15,14,5,835441729
15,15,0,835441066
15,16,1,835442201
15,17,1,835441812
15,18,5,835441578
15,19,1,835441262
15,20,4,835441672
15,21,4,835441558
15,22,4,835441347
15,23,4,835442007
15,24,5,835441371
15,25,0,835441415
15,26,1,835441794
15,27,1,835441558
15,28,1,835441239
15,29,5,835441451
15,30,4,835440977
15,31,0,835440976
15,32,0,835441086
15,33,0,835441431
15,34,1,835442447
15,35,5,1510577970
15,36,5,1299424916
15,37,4,1510571970
15,38,3,1299424840
15,39,3,1299424762
15,40,3,1299425021
15,41,4,1510571946
15,42,1,1510571962
15,43,0,1510571877
15,44,4,1510571866
15,45,0,1299425002
15,46,2,1510571873
15,47,4,1510577958
15,48,3,1510571982
15,49,0,1510577985
15,50,4,1510572012
15,51,2,1510578088
15,52,3,1510572881
15,53,2,1299425064
15,54,2,1510571941
15,55,0,1510572645
15,56,2,1510571989
15,57,0,1510572775
15,58,5,1510572653
15,59,4,1510572684
15,60,0,1510572646
15,61,2,1510572001
15,62,1,1510571953
15,63,5,1299425144
15,64,0,1510572660
15,65,5,1510572798
15,66,1,1299424890
15,67,1,1299424826
15,68,2,1510572060
15,69,5,1510572114
15,70,4,1510571984
15,71,3,1510578011
15,72,1,1510578050
15,73,4,1299425040
15,74,4,1299424998
15,75,4,1510572005
15,76,3,1510571744
15,77,5,1510571764
15,78,4,1510571751
15,79,0,1510572872
15,80,0,1510571747
15,81,0,1510571797
15,82,3,1510573324
15,83,1,1510572526
15,84,1,1299425097
15,85,3,1510572486
15,86,1,1299425208
15,87,5,1510571768
15,88,4,1299425200
15,89,5,1510571680
15,90,2,1510572144
15,91,3,1510571677
15,92,4,1299425113
15,93,2,1510572048
15,94,4,1510571774
15,95,2,1510577965
15,96,5,1510573239
15,97,3,1510571736
15,98,5,1510577956
15,99,2,1510571754
15,100,0,1510571789
16,1,3,1510571793
16,2,0,1510578001
16,3,1,1510571759
16,4,1,1510577982
16,5,3,1510571938
16,6,3,1510577979
16,7,2,1510571682
16,8,1,1510572077
16,9,1,1510572802
16,10,1,1510572163
16,11,2,1510578083
16,12,2,1510572823
16,13,1,1510577973
16,14,3,1510572900
16,15,2,1510572550
16,16,2,1510573220
16,17,4,1510572075
16,18,4,1510577962
16,19,4,1510572810
16,20,1,1510571886
16,21,3,1510572096
16,22,1,1510577951
16,23,2,1510578158
16,24,5,1510572137
16,25,5,1510572824
16,26,2,1510577953
16,27,2,1299425345
16,28,3,1510572656
16,29,5,1510578034
16,30,3,1510578103
16,31,3,1510572052
16,32,1,1510571930
16,33,4,1510572834
16,34,0,1510573398
16,35,4,1510572833
16,36,0,1510572842
16,37,5,1510573214
16,38,5,1510571987
16,39,4,1510572894
16,40,4,1510572815
16,41,1,1510572473
16,42,1,1510571958
16,43,1,1510572902
16,44,0,1510573234
16,45,5,1510572095
16,46,2,1510572616
16,47,3,1510572056
16,48,2,1510571878
16,49,2,1510573153
16,50,4,1510572026
16,51,1,1510572466
16,52,5,1510571973
16,53,2,1510572159
16,54,4,1510572009
16,55,5,1510573154
16,56,3,1510572126
16,57,0,1510572679
16,58,4,1510571949
16,59,3,1510572670
16,60,2,1510573305
16,61,5,1510571883
16,62,3,1510572481
16,63,2,1510572581
16,64,2,1510572535
16,65,4,1510578039
16,66,0,1510578028
16,67,5,1510572512
16,68,2,1510572789
16,69,2,1510572516
16,70,2,1377477814
16,71,3,1377476781
16,72,0,1377477446
16,73,5,1377476617
16,74,0,1377476936
16,75,2,1377477870
16,76,1,1377477302
16,77,4,1377476766
16,78,4,1377476675
16,79,3,1377477951
16,80,4,1377476787
16,81,2,1377477340
16,82,0,1377476977
16,83,4,1377477406
16,84,2,1377477470
16,85,2,1377476943
16,86,1,1377476825
16,87,5,1377476589
16,88,4,1377476772
16,89,0,1377476805
16,90,0,1377476810
16,91,3,1377477016
16,92,2,1377477349
16,93,4,1377477608
16,94,2,1377476972
16,95,2,1377477315
16,96,3,1377476909
16,97,2,1377476649
16,98,4,1377476656
16,99,0,1377476813
16,100,3,1377476993
17,1,5,1377477008
17,2,3,1377476852
17,3,4,1377477911
17,4,2,1377477410
17,5,2,1377476856
17,6,5,1377476891
17,7,5,1377477450
17,8,4,1377476956
17,9,3,1377477839
17,10,3,1377477594
17,11,1,1377477957
17,12,0,1377477855
17,13,1,1377477576
17,14,3,1377477535
17,15,5,1377476948
17,16,4,1377476887
17,17,5,1377476629
17,18,4,1377477387
17,19,1,1377477457
17,20,0,1377477580
17,21,2,1377477583
17,22,3,1377477542
17,23,2,1377476680
17,24,5,1377477954
17,25,3,1377476792
17,26,0,1377476690
17,27,3,1377477278
17,28,5,1377476573
17,29,0,1377476611
17,30,5,1377476921
17,31,3,1377476582
17,32,2,1377476693
17,33,4,1377476594
17,34,5,1377477612
17,35,4,1377476998
17,36,2,1377476874
17,37,4,1377477521
17,38,5,1377477000
17,39,0,1377476635
17,40,3,1377476640
17,41,5,1377477379
17,42,2,1377477908
17,43,4,1377477903
17,44,5,1377477886
17,45,0,1377476669
17,46,0,1377477891
17,47,2,1377476925
17,48,5,1377477936
17,49,4,1377476860
17,50,4,1377477289
17,51,4,1377476877
17,52,5,1377477435
17,53,3,1377477424
17,54,3,1377477298
17,55,3,1377477637
17,56,0,1377477464
17,57,3,1377477293
17,58,5,1377477402
17,59,2,1377477684
17,60,5,1377477507
17,61,1,1377477809
17,62,3,1377476817
17,63,2,1377477834
17,64,5,1377477654
17,65,2,1377477830
17,66,3,1377476916
17,67,0,1377477940
17,68,4,1305696483
17,69,1,1305696245
17,70,5,1307262715
17,71,2,1305697013
17,72,1,1305696470
17,73,1,1326943208
17,74,1,1305696497
17,75,0,1305696468
17,76,3,1307262308
17,77,4,1305696455
17,78,0,1305696465
17,79,2,1305696457
17,80,5,1305696463
17,81,4,1305696664
17,82,5,1322628857
17,83,3,1305696475
17,84,4,1305696492
17,85,2,1305696480
17,86,4,1305696461
17,87,5,1307262443
17,88,4,1305696486
17,89,5,1305696683
17,90,3,1305696265
17,91,5,1307262274
17,92,0,1305696226
17,93,3,1305696325
17,94,4,1305696741
17,95,4,1307262280
17,96,5,1322629080
17,97,5,1305696318
17,98,0,1305696352
17,99,0,1305696771
17,100,5,1305696635
18,1,1,1305696774
18,2,3,1305696619
18,3,2,1305696878
18,4,2,1322628945
18,5,1,1307262267
18,6,1,1305696490
18,7,3,1305696699
18,8,3,1305696752
18,9,2,1305696870
18,10,0,1326943248
18,11,2,1305696795
18,12,2,1305696931
18,13,5,1307262291
18,14,1,1322628838
18,15,2,1305696786
18,16,2,1305696254
18,17,3,1305696846
18,18,3,1305696691
18,19,3,1322629202
18,20,0,1305696232
18,21,5,1305696277
18,22,2,1322629229
18,23,0,1322629209
18,24,0,1305696313
18,25,1,1305696258
18,26,2,1307262285
18,27,0,1305696726
18,28,5,1305696788
18,29,3,1305696670
18,30,0,1322629245
18,31,3,1305696756
18,32,0,1305696306
18,33,1,1305696835
18,34,5,1322628761
18,35,2,1305696867
18,36,1,1305696285
18,37,4,1322629233
18,38,4,1305696358
18,39,4,1307262260
18,40,1,1305696721
18,41,2,1307262300
18,42,2,1305696292
18,43,0,1322629083
18,44,1,1305696762
18,45,1,1305696310
18,46,4,1305696817
18,47,5,1322628751
18,48,0,1305696779
18,49,2,1305696823
18,50,5,1326943200
18,51,4,1322628668
18,52,4,1322628881
18,53,4,1322629189
18,54,3,1322628786
18,55,2,1305696820
18,56,5,1305696864
18,57,3,1322628790
18,58,0,1322629178
18,59,5,1305696851
18,60,5,1322629142
18,61,3,1305696748
18,62,4,1305696675
18,63,3,1305696839
18,64,1,1322629112
18,65,5,1305696894
18,66,2,1322629267
18,67,5,1307262449
18,68,2,1305696624
18,69,4,1305696716
18,70,1,1305696734
18,71,4,1305696681
18,72,3,1305696644
18,73,0,1455209816
18,74,5,1455617462
18,75,1,1460138360
18,76,2,1461311583
18,77,0,1455209840
18,78,0,1455617533
18,79,1,1455617478
18,80,3,1455050013
18,81,0,1455049343
18,82,2,1455735732
18,83,3,1455748792
18,84,0,1455050170
18,85,0,1458516249
18,86,2,1456864434
18,87,4,1455748933
18,88,0,1455209902
18,89,5,1455617692
18,90,2,1455617516
18,91,0,1455617470
18,92,2,1455748462
18,93,2,1455529905
18,94,1,1455049368
18,95,5,1455617466
18,96,4,1455050049
18,97,3,1455050745
18,98,3,1455049328
18,99,2,1455231677
18,100,0,1455748833
19,1,3,1455209869
19,2,0,1455050112
19,3,3,1455209887
19,4,5,1455618093
19,5,2,1455748940
19,6,1,1455617791
19,7,2,1455209879
19,8,0,1455209846
19,9,1,1462138790
19,10,1,1459946774
19,11,2,1455748803
19,12,1,1477432493
19,13,0,1459946776
19,14,5,1455209811
19,15,1,1455618095
19,16,1,1456864767
19,17,3,1455749987
19,18,4,1455050006
19,19,3,1456745325
19,20,1,1504907725
19,21,4,1455748696
19,22,0,1455209912
19,23,4,1455209793
19,24,4,1455209837
19,25,5,1455050067
19,26,2,1455209900
19,27,2,1455050069
19,28,1,1459495567
19,29,1,1455209873
19,30,2,1456955524
19,31,4,1455735781
19,32,2,1460242118
19,33,0,1455050179
19,34,1,1455209824
19,35,1,1455735643
19,36,5,1455735861
19,37,1,1455050024
19,38,1,1455050080
19,39,2,1455748398
19,40,1,1517525849
19,41,3,1455748544
19,42,3,1455059762
19,43,3,1458516291
19,44,2,1456955800
19,45,4,1455618103
19,46,0,1455735783
19,47,1,1455231152
19,48,5,1473368992
19,49,0,1455051391
19,50,2,1502911292
19,51,5,1455210625
19,52,2,1455050359
19,53,5,1517686025
19,54,2,1455209805
19,55,1,1455049377
19,56,3,1455051405
19,57,0,1455050107
19,58,4,1455050357
19,59,5,1455050736
19,60,4,1455051397
19,61,0,1455050528
19,62,1,1455209798
19,63,5,1455059742
19,64,1,1455050000
19,65,0,1455050629
19,66,1,1455050177
19,67,2,1460242083
19,68,5,1455050183
19,69,4,1455050616
19,70,5,1485097725
19,71,5,1455820726
19,72,4,1455618100
19,73,2,1503000947
19,74,4,1455618445
19,75,4,1455050172
19,76,5,1457565435
19,77,2,1455059781
19,78,2,1455748627
19,79,5,1456745019
19,80,4,1456438623
19,81,0,1455059809
19,82,4,1455231686
19,83,2,1455748921
19,84,5,1455617646
19,85,1,1456958429
19,86,5,1455231757
19,87,2,1455529835
19,88,1,1476901312
19,89,1,1455748555
19,90,1,1455050095
19,91,5,1455735715
19,92,3,1455748435
19,93,4,1455735712
19,94,5,1459375071
19,95,4,1476823531
19,96,5,1455748777
19,97,3,1455735650
19,98,2,1455231395
19,99,3,1455050003
19,100,5,1455748443
20,1,5,1465468014
20,2,4,1456958438
20,3,5,1456672335
20,4,4,1456956041
20,5,3,1458679104
20,6,0,1455748548
20,7,3,1455735827
20,8,5,1456875333
20,9,4,1455749673
20,10,4,1455050512
20,11,0,1455529833
20,12,2,1455749721
20,13,3,1456395560
20,14,5,1455748634
20,15,0,1455748610
20,16,2,1455050114
20,17,4,1455209855
20,18,3,1476911164
20,19,1,1455748562
20,20,3,1512850460
20,21,5,1464994625
20,22,5,1456672532
20,23,1,1464907405
20,24,1,1455748560
20,25,2,1475001075
20,26,4,1455209651
20,27,2,1455749696
20,28,2,1456958417
20,29,5,1455749718
20,30,0,1456875250
20,31,1,1455749756
20,32,1,1455749739
20,33,1,1456864794
20,34,1,1455529935
20,35,0,1504894686
20,36,3,1456584499
20,37,2,1455209654
20,38,4,1455231399
20,39,4,1455231448
20,40,0,1455231410
20,41,5,1455209891
20,42,2,1455748728
20,43,2,1455735323
20,44,1,1456875367
20,45,3,1455049351
20,46,1,1455231386
20,47,4,1455231506
20,48,0,1455231488
20,49,0,1455231412
20,50,3,1512850503
20,51,1,1456864683
20,52,0,1455617700
20,53,0,1476393345
20,54,2,1455209857
20,55,5,1455735337
20,56,2,1457382557
20,57,1,1455529841
20,58,4,1455231603
20,59,5,1464994762
20,60,1,1504894830
20,61,4,1455529881
20,62,0,1455529881
20,63,3,1455529881
20,64,1,1455529881
20,65,1,1455529881
20,66,2,1455529881
20,67,2,1455529881
20,68,3,1455529881
20,69,5,1455529881
20,70,3,1455529881
20,71,1,1455529881
20,72,2,1455529881
20,73,4,1455529881
20,74,2,1455529881
20,75,2,1455529881
20,76,0,1455529881
20,77,2,1455529881
20,78,4,1455529881
20,79,3,1455529881
20,80,2,1455529881
20,81,0,1455529881
20,82,5,1455529881
20,83,2,1455529881
20,84,0,1455529881
20,85,1,1455529881
20,86,3,1455529881
20,87,3,1455529881
20,88,5,1455529881
20,89,2,1455529881
20,90,3,1455529881
20,91,5,1455529881
20,92,0,1455529881
20,93,2,1455529881
20,94,2,1455529881
20,95,4,1455529881
20,96,2,1455529881
20,97,1,1455529881
20,98,3,1455529881
20,99,2,1455209729
20,100,5,1455735416
21,1,5,1455529881
21,2,2,1455529881
21,3,2,1455529881
21,4,4,1455529881
21,5,3,1455529881
21,6,2,1455529881
21,7,5,1455529881
21,8,1,1455529881
21,9,0,1455529881
21,10,3,1455529881
21,11,4,1455529881
21,12,3,1455529881
21,13,4,1455529881
21,14,2,1455529881
21,15,4,1455529881
21,16,5,1455529881
21,17,3,1455529881
21,18,2,1455529881
21,19,4,1455529881
21,20,3,1455529881
21,21,4,1455529881
21,22,1,1455529881
21,23,3,1455529881
21,24,0,1455529881
21,25,3,1455529881
21,26,4,1455529881
21,27,3,1455529881
21,28,5,1455529881
21,29,2,1455529881
21,30,0,1455529881
21,31,4,1455529881
21,32,3,1455529881
21,33,2,1455529881
21,34,5,1455529881
21,35,4,1455529881
21,36,3,1455529881
21,37,2,1455529881
21,38,3,1455529881
21,39,4,1455529881
21,40,5,1455529881
21,41,4,1455529881
21,42,2,1455529881
21,43,3,1455529881
21,44,4,1455529881
21,45,3,1455529881
21,46,2,1455529881
21,47,3,1455529881
21,48,4,1455529881
21,49,2,1455529881
21,50,3,1455529881
21,51,4,1455529881
21,52,3,1455529881
21,53,2,1455529881
21,54,3,1455529881
21,55,4,1455529881
21,56,5,1455529881
21,57,1,1455529881
21,58,5,1455529881
21,59,1,1455529881
21,60,3,1455529881
21,61,4,1455529881
21,62,5,1455529881
21,63,5,1455529881
21,64,2,1455529881
21,65,2,1455529881
21,66,1,1455529881
21,67,3,1455529881
21,68,4,1455529881
21,69,3,1455529881
21,70,1,1455529881
21,71,3,1455529881
21,72,3,1455529881
21,73,0,1455529881
21,74,0,1455529881
21,75,0,1455529881
21,76,4,1455529881
21,77,3,1106635640
21,78,4,1106712553
21,79,4,1106635540
21,80,5,1113542732
21,81,3,1106635420
21,82,2,1106713072
21,83,3,1106713076
21,84,5,1106713081
21,85,1,1106635648
21,86,3,1106712546
21,87,4,1106635500
21,88,3,1106713005
21,89,2,1106712549
21,90,4,1106636534
21,91,2,1106712541
21,92,3,1106635630
21,93,4,1106635733
21,94,3,1106636596
21,95,2,1106635635
21,96,1,1161738301
21,97,2,1106712913
21,98,3,1106635742
21,99,3,1110855253
21,100,4,1106635524
22,1,3,1107127033
22,2,1,1106712869
22,3,2,1106635749
22,4,4,1109746591
22,5,2,1161738352
22,6,2,1106635738
22,7,0,1106636531
22,8,2,1106636718
22,9,4,1106636702
22,10,3,1106636589
22,11,2,1106636610
22,12,0,1106712866
22,13,5,1106636606
22,14,2,1106635735
22,15,0,1106636707
22,16,1,1106712820
22,17,3,1106636612
22,18,3,1106635745
22,19,5,1106713586
22,20,2,1106635705
22,21,3,1106636527
22,22,5,1106636600
22,23,0,1106712818
22,24,2,1106636516
22,25,2,1106712831
22,26,4,1157949714
22,27,2,1106636584
22,28,1,1106712827
22,29,3,1106712812
22,30,2,1106636579
22,31,5,1106636520
22,32,5,1173051472
22,33,2,1107473963
22,34,2,1106713442
22,35,4,1106636782
22,36,3,1106636592
22,37,2,1108602792
22,38,5,1106636844
22,39,1,1106636511
22,40,0,1108602755
22,41,3,1106779625
22,42,4,1161738306
22,43,3,1106636602
22,44,4,1109746594
22,45,2,1106713549
22,46,4,1118025961
22,47,5,1110757877
22,48,3,1122333561
22,49,2,1110757890
22,50,4,1106636098
22,51,3,1110173697
22,52,4,1106636064
22,53,1,1106636095
22,54,3,1106636069
22,55,0,1111552650
22,56,3,1106636101
22,57,4,1107474020
22,58,3,1113353083
22,59,5,1107127004
22,60,2,1118025982
22,61,0,1118025946
22,62,4,1122940686
22,63,3,1118026013
22,64,2,1128486479
22,65,5,1116550784
22,66,4,1121041079
22,67,3,1121041002
22,68,2,1125442102
22,69,3,1121041015
22,70,4,1122333538
22,71,5,1162163504
22,72,4,1149548381
22,73,2,1144806100
22,74,3,1157949636
22,75,4,1157066190
22,76,3,1159225196
22,77,2,1161738279
22,78,3,1157949732
22,79,4,1169687318
22,80,2,1162163488
22,81,3,1174263740
22,82,4,1165876367
22,83,3,1174263775
22,84,2,1176181731
22,85,3,1173051469
22,86,4,839463806
22,87,5,839463509
22,88,1,839463806
22,89,5,839463564
22,90,1,839463624
22,91,3,839463546
22,92,4,839463644
22,93,5,839463546
22,94,5,839463644
22,95,2,839463527
22,96,2,839464076
22,97,1,839463422
22,98,3,839463451
22,99,4,839463509
22,100,3,839463856
23,1,2,839463509
23,2,3,839463470
23,3,4,839464076
23,4,3,839463767
23,5,2,839463856
23,6,3,839463509
23,7,4,839463767
23,8,5,839463489
23,9,1,839463422
23,10,5,839463644
23,11,1,839463489
23,12,3,839463509
23,13,4,839463527
23,14,5,839463767
23,15,5,839463546
23,16,2,839463564
23,17,2,839463644
23,18,1,839463422
23,19,3,839463702
23,20,4,839463728
23,21,3,839463546
23,22,1,839463489
23,23,3,839463527
23,24,3,839463624
23,25,0,839463728
23,26,0,839463728
23,27,0,839463702
23,28,4,839463702
23,29,3,839463422
23,30,4,839463422
23,31,4,839463470
23,32,5,839463728
23,33,3,1044656650
23,34,2,1044657119
23,35,3,1044656650
23,36,5,1044656716
23,37,1,1044657102
23,38,3,1044657026
23,39,4,1044657026
23,40,3,1044656650
23,41,2,1044657088
23,42,4,1044656716
23,43,2,1044657088
23,44,3,1044656650
23,45,4,1044656716
23,46,3,1044657200
23,47,2,1044657237
23,48,1,1044656650
23,49,2,1044657072
23,50,3,1044657221
23,51,3,1044656716
23,52,4,1044656650
23,53,3,1044656650
23,54,1,1044657051
23,55,2,1044657221
23,56,4,1044656650
23,57,2,1044657051
23,58,2,1044656811
23,59,0,1044656811
23,60,2,1044656792
23,61,4,1044656836
23,62,3,1044656836
23,63,2,1044656836
23,64,0,1044656836
23,65,5,1044657318
23,66,2,1044657269
23,67,0,1044656962
23,68,1,1044656792
23,69,3,1044657318
23,70,3,1044657144
23,71,5,1044656934
23,72,2,1044656908
23,73,3,1044656962
23,74,5,1044657338
23,75,0,1044657185
23,76,2,1044657269
23,77,2,1044657072
23,78,4,1044657285
23,79,2,1455303387
23,80,1,1455301685
23,81,3,1455306173
23,82,2,1455357645
23,83,5,1455302254
23,84,5,1455306152
23,85,2,1455619275
23,86,2,1455303518
23,87,4,1455357613
23,88,3,1455301699
23,89,2,1455306183
23,90,5,1455356378
23,91,1,1455357517
23,92,0,1455356388
23,93,3,1455356578
23,94,4,1455356582
23,95,3,1455356591
23,96,4,1455398344
23,97,2,1455302676
23,98,4,1455356595
23,99,5,1455398321
23,100,3,1455356385
24,1,4,1455301798
24,2,2,1455399329
24,3,4,1455301898
24,4,4,1455357578
24,5,5,1455303078
24,6,2,1455356588
24,7,2,1455397999
24,8,5,1455357557
24,9,4,1455303070
24,10,0,1455306101
24,11,4,1455398379
24,12,2,1455301621
24,13,5,1455399533
24,14,1,1455302670
24,15,5,1455356347
24,16,2,1455399087
24,17,1,1455303046
24,18,1,1455402085
24,19,1,1455303057
24,20,5,1455399289
24,21,3,1455356656
24,22,4,1455398107
24,23,5,1455301847
24,24,4,1455356713
24,25,5,1455356327
24,26,3,1455397936
24,27,2,1455303064
24,28,3,1455302401
24,29,5,1455302697
24,30,5,1455398160
24,31,4,1455398096
24,32,5,1455357527
24,33,4,1455357602
24,34,3,1455398153
24,35,0,1455357626
24,36,3,1455302031
24,37,5,1455356796
24,38,4,1455301745
24,39,4,1455301854
24,40,0,1455401876
24,41,2,1455302162
24,42,3,1455357502
24,43,5,1455356357
24,44,0,1455359663
24,45,2,1455399396
24,46,4,1455356320
24,47,3,1455301825
24,48,1,1455357531
24,49,3,1455302791
24,50,5,1455302113
24,51,5,1455357564
24,52,1,1455398002
24,53,1,1455302689
24,54,2,1455301965
24,55,4,1455398339
24,56,2,1455302183
24,57,2,1455356863
24,58,5,1455357607
24,59,0,1455357596
24,60,1,1455304158
24,61,1,1455302747
24,62,1,1455399200
24,63,1,1455357636
24,64,0,1455398141
24,65,3,1455301869
24,66,2,1455301741
24,67,4,1455399573
24,68,4,1455356987
24,69,0,1455301822
24,70,5,1455398131
24,71,2,1455356351
24,72,2,1455356691
24,73,1,1455357541
24,74,3,1455302684
24,75,1,1455356988
24,76,4,1455306124
24,77,0,1455399347
24,78,0,1455357716
24,79,3,1455302591
24,80,1,1455399313
24,81,0,1455357720
24,82,0,1455398390
24,83,2,1455357730
24,84,5,1455398396
24,85,2,1455306257
24,86,1,1455357504
24,87,4,1455399281
24,88,5,1455356990
24,89,1,1455302120
24,90,4,1455301553
24,91,0,1455357387
24,92,3,1455398177
24,93,1,1455356885
24,94,1,1455398127
24,95,2,1455399376
24,96,2,1455302172
24,97,3,1455301892
24,98,5,1455398105
24,99,3,1455356994
24,100,1,1455398111
25,1,2,1455356177
25,2,4,1455357653
25,3,2,1455399232
25,4,2,1455357076
25,5,0,1455306204
25,6,2,1455398089
25,7,4,1455399188
25,8,3,1455302315
25,9,2,1455398092
25,10,0,1455357656
25,11,5,1455398144
25,12,2,1455357698
25,13,0,1455398275
25,14,1,1455302650
25,15,3,1455357384
25,16,3,1455302192
25,17,5,1455356898
25,18,2,1455356776
25,19,3,902154266
25,20,5,902154316
25,21,0,902155135
25,22,2,902154593
25,23,2,902154458
25,24,4,902154266
25,25,2,902154266
25,26,1,902154593
25,27,3,902154567
25,28,2,902154621
25,29,5,902154706
25,30,5,902154383
25,31,2,902155070
25,32,2,902154342
25,33,4,901200263
25,34,3,904510567
25,35,2,902154684
25,36,5,902154431
25,37,1,902154431
25,38,0,902154685
25,39,3,902154316
25,40,4,902154805
25,41,3,902154431
25,42,4,902154383
25,43,2,902154805
25,44,4,902154514
25,45,5,902155043
25,46,3,902154266
25,47,2,902155102
25,48,4,902154514
25,49,3,902154431
25,50,4,902154542
25,51,1,902154487
25,52,3,902154621
25,53,0,901200233
25,54,3,902154266
25,55,4,902155136
25,56,3,902154383
25,57,5,902154542
25,58,2,902154685
25,59,0,902154383
25,60,4,902154647
25,61,3,902154431
25,62,2,902154458
25,63,5,902154542
25,64,4,902155136
25,65,3,902154487
25,66,2,902154487
25,67,3,902154647
25,68,4,902154316
25,69,5,902154542
25,70,4,902154647
25,71,2,902155102
25,72,3,902155102
25,73,4,902154989
25,74,3,902155043
25,75,2,901200111
25,76,3,901200143
25,77,4,901200037
25,78,2,901200070
25,79,3,904510428
25,80,4,902154383
25,81,3,904510428
25,82,2,902153951
25,83,3,1247264471
25,84,4,1247264411
25,85,5,1247263465
25,86,1,1247263375
25,87,5,1247263357
25,88,1,1247263371
25,89,3,1247264106
25,90,4,1247263318
25,91,5,1247263452
25,92,5,1247264096
25,93,2,1247264114
25,94,2,1247264118
25,95,1,1247263404
25,96,3,1247263395
25,97,4,1247264463
25,98,3,1247263334
25,99,1,1247263670
25,100,3,1247263337
26,1,3,1247263495
26,2,0,1247264406
26,3,0,1247263689
26,4,0,1247263444
26,5,4,1247263398
26,6,3,1247263428
26,7,4,1247264220
26,8,4,1247263471
26,9,5,1247264420
26,10,3,1247264417
26,11,2,1247264138
26,12,3,1247264151
26,13,5,1247264192
26,14,1,1247264457
26,15,3,987895819
26,16,4,987456968
26,17,3,987456968
26,18,2,987457052
26,19,4,987456848
26,20,2,987457086
26,21,3,987895819
26,22,4,987456818
26,23,3,987456818
26,24,2,987456968
26,25,1,987456818
26,26,2,987456818
26,27,3,987457007
26,28,3,987895952
26,29,4,987895720
26,30,3,987895651
26,31,1,987895902
26,32,2,987895902
26,33,4,987895952
26,34,2,987895902
26,35,2,987895902
26,36,0,987895720
26,37,2,987895952
26,38,4,987896183
26,39,3,987895651
26,40,2,987895582
26,41,0,987895651
26,42,5,987895952
26,43,2,987895902
26,44,0,987895651
26,45,1,987895720
26,46,3,835441653
26,47,3,835441989
26,48,5,835441168
26,49,2,835441394
26,50,3,835441168
26,51,5,835441186
26,52,0,835441133
26,53,2,835441295
26,54,2,835441371
26,55,4,835441107
26,56,2,835440977
26,57,1,835441012
26,58,3,835441371
26,59,2,835441042
26,60,5,835441168
26,61,5,835441239
26,62,2,835441107
26,63,2,835440978
26,64,4,835441042
26,65,3,835441239
26,66,2,835441066
26,67,5,835441012
26,68,1,835441686
26,69,0,835441239
26,70,3,835441210
26,71,4,835441620
26,72,3,835441328
26,73,4,835441729
26,74,2,835441066
26,75,4,835442201
26,76,5,835441812
26,77,3,835441578
26,78,2,835441262
26,79,4,835441672
26,80,3,835441558
26,81,4,835441347
26,82,1,835442007
26,83,3,835441371
26,84,0,835441415
26,85,3,835441794
26,86,4,835441558
26,87,3,835441239
26,88,5,835441451
26,89,4,835440977
26,90,2,835440976
26,91,4,835441086
26,92,4,835441431
26,93,5,835442447
26,94,2,1510577970
26,95,2,1299424916
26,96,5,1510571970
26,97,4,1299424840
26,98,0,1299424762
26,99,4,1299425021
26,100,2,1510571946
27,1,5,1510571962
27,2,1,1510571877
27,3,5,1510571866
27,4,2,1299425002
27,5,1,1510571873
27,6,1,1510577958
27,7,1,1510571982
27,8,5,1510577985
27,9,3,1510572012
27,10,4,1510578088
27,11,5,1510572881
27,12,4,1299425064
27,13,5,1510571941
27,14,3,1510572645
27,15,2,1510571989
27,16,3,1510572775
27,17,5,1510572653
27,18,5,1510572684
27,19,4,1510572646
27,20,5,1510572001
27,21,4,1510571953
27,22,3,1299425144
27,23,0,1510572660
27,24,3,1510572798
27,25,5,1299424890
27,26,4,1299424826
27,27,4,1510572060
27,28,0,1510572114
27,29,2,1510571984
27,30,3,1510578011
27,31,5,1510578050
27,32,0,1299425040
27,33,2,1299424998
27,34,4,1510572005
27,35,3,1510571744
27,36,1,1510571764
27,37,3,1510571751
27,38,5,1510572872
27,39,5,1510571747
27,40,1,1510571797
27,41,1,1510573324
27,42,2,1510572526
27,43,4,1299425097
27,44,2,1510572486
27,45,2,1299425208
27,46,5,1510571768
27,47,0,1299425200
27,48,1,1510571680
27,49,1,1510572144
27,50,1,1510571677
27,51,1,1299425113
27,52,0,1510572048
27,53,3,1510571774
27,54,2,1510577965
27,55,4,1510573239
27,56,4,1510571736
27,57,0,1510577956
27,58,5,1510571754
27,59,2,1510571789
27,60,2,1510571793
27,61,1,1510578001
27,62,3,1510571759
27,63,1,1510577982
27,64,4,1510571938
27,65,0,1510577979
27,66,0,1510571682
27,67,3,1510572077
27,68,1,1510572802
27,69,0,1510572163
27,70,0,1510578083
27,71,2,1510572823
27,72,5,1510577973
27,73,2,1510572900
27,74,1,1510572550
27,75,4,1510573220
27,76,5,1510572075
27,77,1,1510577962
27,78,4,1510572810
27,79,0,1510571886
27,80,3,1510572096
27,81,1,1510577951
27,82,1,1510578158
27,83,2,1510572137
27,84,2,1510572824
27,85,3,1510577953
27,86,5,1299425345
27,87,3,1510572656
27,88,1,1510578034
27,89,2,1510578103
27,90,4,1510572052
27,91,2,1510571930
27,92,2,1510572834
27,93,0,1510573398
27,94,2,1510572833
27,95,4,1510572842
27,96,3,1510573214
27,97,2,1510571987
27,98,0,1510572894
27,99,5,1510572815
27,100,2,1510572473
28,1,0,1510571958
28,2,1,1510572902
28,3,3,1510573234
28,4,3,1510572095
28,5,5,1510572616
28,6,2,1510572056
28,7,3,1510571878
28,8,5,1510573153
28,9,0,1510572026
28,10,2,1510572466
28,11,2,1510571973
28,12,4,1510572159
28,13,2,1510572009
28,14,1,1510573154
28,15,3,1510572126
28,16,2,1510572679
28,17,5,1510571949
28,18,5,1510572670
28,19,2,1510573305
28,20,2,1510571883
28,21,4,1510572481
28,22,3,1510572581
28,23,2,1510572535
28,24,5,1510578039
28,25,1,1510578028
28,26,0,1510572512
28,27,3,1510572789
28,28,4,1510572516
28,29,3,1377477814
28,30,4,1377476781
28,31,2,1377477446
28,32,4,1377476617
28,33,5,1377476936
28,34,3,1377477870
28,35,2,1377477302
28,36,4,1377476766
28,37,3,1377476675
28,38,4,1377477951
28,39,1,1377476787
28,40,3,1377477340
28,41,0,1377476977
28,42,3,1377477406
28,43,4,1377477470
28,44,3,1377476943
28,45,5,1377476825
28,46,2,1377476589
28,47,0,1377476772
28,48,4,1377476805
28,49,3,1377476810
28,50,2,1377477016
28,51,5,1377477349
28,52,4,1377477608
28,53,3,1377476972
28,54,2,1377477315
28,55,3,1377476909
28,56,4,1377476649
28,57,5,1377476656
28,58,4,1377476813
28,59,2,1377476993
28,60,3,1377477008
28,61,4,1377476852
28,62,3,1377477911
28,63,2,1377477410
28,64,3,1377476856
28,65,4,1377476891
28,66,2,1377477450
28,67,3,1377476956
28,68,4,1377477839
28,69,3,1377477594
28,70,2,1377477957
28,71,3,1377477855
28,72,4,1377477576
28,73,5,1377477535
28,74,1,1377476948
28,75,5,1377476887
28,76,1,1377476629
28,77,3,1377477387
28,78,4,1377477457
28,79,5,1377477580
28,80,5,1377477583
28,81,2,1377477542
28,82,2,1377476680
28,83,1,1377477954
28,84,3,1377476792
28,85,4,1377476690
28,86,3,1377477278
28,87,1,1377476573
28,88,3,1377476611
28,89,3,1377476921
28,90,0,1377476582
28,91,0,1377476693
28,92,0,1377476594
28,93,4,1377477612
28,94,3,1377476998
28,95,4,1377476874
28,96,4,1377477521
28,97,5,1377477000
28,98,3,1377476635
28,99,2,1377476640
28,100,3,1377477379
29,1,5,1377477908
29,2,1,1377477903
29,3,3,1377477886
29,4,4,1377476669
29,5,3,1377477891
29,6,2,1377476925
29,7,4,1377477936
29,8,2,1377476860
29,9,3,1377477289
29,10,4,1377476877
29,11,3,1377477435
29,12,2,1377477424
29,13,1,1377477298
29,14,2,1377477637
29,15,3,1377477464
29,16,3,1377477293
29,17,4,1377477402
29,18,3,1377477684
29,19,1,1377477507
29,20,2,1377477809
29,21,4,1377476817
29,22,2,1377477834
29,23,2,1377477654
29,24,0,1377477830
29,25,2,1377476916
29,26,4,1377477940
29,27,3,1305696483
29,28,2,1305696245
29,29,0,1307262715
29,30,5,1305697013
29,31,2,1305696470
29,32,0,1326943208
29,33,1,1305696497
29,34,3,1305696468
29,35,3,1307262308
29,36,5,1305696455
29,37,2,1305696465
29,38,3,1305696457
29,39,5,1305696463
29,40,0,1305696664
29,41,2,1322628857
29,42,2,1305696475
29,43,4,1305696492
29,44,2,1305696480
29,45,1,1305696461
29,46,3,1307262443
29,47,2,1305696486
29,48,5,1305696683
29,49,5,1305696265
29,50,2,1307262274
29,51,2,1305696226
29,52,4,1305696325
29,53,3,1305696741
29,54,2,1307262280
29,55,5,1322629080
29,56,1,1305696318
29,57,0,1305696352
29,58,3,1305696771
29,59,4,1305696635
29,60,3,1305696774
29,61,4,1305696619
29,62,2,1106635640
29,63,4,1106712553
29,64,5,1106635540
29,65,3,1113542732
29,66,2,1106635420
29,67,4,1106713072
29,68,3,1106713076
29,69,4,1106713081
29,70,1,1106635648
29,71,3,1106712546
29,72,0,1106635500
29,73,3,1106713005
29,74,4,1106712549
29,75,3,1106636534
29,76,5,1106712541
29,77,4,1106635630
29,78,2,1106635733
29,79,4,1106636596
29,80,4,1106635635
29,81,5,1161738301
29,82,2,1106712913
29,83,2,1106635742
29,84,5,1110855253
29,85,4,1106635524
29,86,0,1107127033
29,87,4,1106712869
29,88,2,1106635749
29,89,5,1109746591
29,90,1,1161738352
29,91,5,1106635738
29,92,2,1106636531
29,93,1,1106636718
29,94,1,1106636702
29,95,1,1106636589
29,96,5,1106636610
29,97,3,1106712866
29,98,4,1106636606
29,99,5,1106635735
29,100,4,1106636707
30,1,5,1106712820
30,2,3,1106636612
30,3,2,1106635745
30,4,3,1106713586
30,5,5,1106635705
30,6,5,1106636527
30,7,4,1106636600
30,8,5,1106712818
30,9,4,1106636516
30,10,3,1106712831
30,11,0,1157949714
30,12,3,1106636584
30,13,5,1106712827
30,14,4,1106712812
30,15,4,1106636579
30,16,0,1106636520
30,17,2,1173051472
30,18,3,1107473963
30,19,5,1106713442
30,20,0,1106636782
30,21,2,1106636592
30,22,4,1108602792
30,23,3,1106636844
30,24,1,1106636511
30,25,3,1108602755
30,26,5,1106779625
30,27,5,1161738306
30,28,1,1106636602
30,29,1,1109746594
30,30,2,1106713549
30,31,4,1118025961
30,32,2,1110757877
30,33,2,1122333561
30,34,5,1110757890
30,35,0,1106636098
30,36,1,1110173697
30,37,1,1106636064
30,38,1,1106636095
30,39,1,1106636069
30,40,0,1111552650
30,41,3,1106636101
30,42,2,1107474020
30,43,4,1113353083
30,44,4,1107127004
30,45,0,1118025982
30,46,5,1118025946
30,47,2,1122940686
30,48,2,1118026013
30,49,1,1128486479
30,50,3,1116550784
30,51,1,1121041079
30,52,4,1121041002
30,53,0,1125442102
30,54,0,1121041015
30,55,3,1122333538
30,56,1,1162163504
30,57,0,1149548381
30,58,0,1144806100
30,59,2,1157949636
30,60,5,1157066190
30,61,2,1159225196
30,62,1,1161738279
30,63,4,1157949732
30,64,5,1169687318
30,65,1,1162163488
30,66,4,1174263740
30,67,0,1165876367
30,68,3,1174263775
30,69,1,1176181731
30,70,1,1173051469
30,71,2,839463806
30,72,2,839463509
30,73,3,839463806
30,74,5,839463564
30,75,3,839463624
30,76,1,839463546
30,77,2,839463644
30,78,4,839463546
30,79,2,839463644
30,80,2,839463527
30,81,0,839464076
30,82,2,839463422
30,83,4,839463451
30,84,3,839463509
30,85,2,839463856
30,86,0,839463509
30,87,5,839463470
30,88,2,839464076
30,89,0,839463767
30,90,1,839463856
30,91,3,839463509
30,92,3,839463767
30,93,5,839463489
30,94,2,839463422
30,95,3,839463644
30,96,5,839463489
30,97,0,839463509
30,98,2,839463527
30,99,2,839463767
30,100,4,839463546
31,1,5,839463564
31,2,1,839463644
31,3,3,839463422
31,4,4,839463702
31,5,3,839463728
31,6,2,839463546
31,7,4,839463489
31,8,2,839463527
31,9,3,839463624
31,10,4,839463728
31,11,3,839463728
31,12,2,839463702
31,13,1,839463702
31,14,2,839463422
31,15,3,839463422
31,16,3,839463470
31,17,4,839463728
31,18,3,1044656650
31,19,1,1044657119
31,20,2,1044656650
31,21,4,1044656716
31,22,2,1044657102
31,23,2,1044657026
31,24,0,1044657026
31,25,2,1044656650
31,26,4,1044657088
31,27,3,1044656716
31,28,2,1044657088
31,29,0,1044656650
31,30,5,1044656716
31,31,2,1044657200
31,32,0,1044657237
31,33,1,1044656650
31,34,3,1044657072
31,35,3,1044657221
31,36,5,1044656716
31,37,2,1044656650
31,38,3,1044656650
31,39,5,1044657051
31,40,0,1044657221
31,41,2,1044656650
31,42,2,1044657051
31,43,4,1044656811
31,44,2,1044656811
31,45,1,1044656792
31,46,3,1044656836
31,47,2,1044656836
31,48,5,1044656836
31,49,5,1044656836
31,50,2,1044657318
31,51,2,1044657269
31,52,4,1044656962
31,53,3,1044656792
31,54,2,1044657318
31,55,5,1044657144
31,56,1,1044656934
31,57,0,1044656908
31,58,3,1044656962
31,59,4,1044657338
31,60,3,1044657185
31,61,4,1044657269
31,62,2,1044657072
31,63,4,1044657285
31,64,5,1455303387
31,65,3,1455301685
31,66,2,1455306173
31,67,4,1455357645
31,68,3,1455302254
31,69,4,1455306152
31,70,1,1455619275
31,71,3,1455303518
31,72,0,1455357613
31,73,3,1455301699
31,74,4,1455306183
31,75,3,1455356378
31,76,5,1455357517
31,77,4,1455356388
31,78,2,1455356578
31,79,4,1455356582
31,80,4,1455356591
31,81,5,1455398344
31,82,2,1455302676
31,83,2,1455356595
31,84,5,1455398321
31,85,4,1455356385
31,86,0,1455301798
31,87,4,1455399329
31,88,2,1455301898
31,89,5,1455357578
31,90,1,1455303078
31,91,5,1455356588
31,92,2,1455397999
31,93,1,1455357557
31,94,1,1455303070
31,95,1,1455306101
31,96,5,1455398379
31,97,3,1455301621
31,98,4,1455399533
31,99,5,1455302670
31,100,4,1455356347
32,1,5,1455399087
32,2,3,1455303046
32,3,2,1455402085
32,4,3,1455303057
32,5,5,1455399289
32,6,5,1455356656
32,7,4,1455398107
32,8,5,1455301847
32,9,4,1455356713
32,10,3,1455356327
32,11,0,1455397936
32,12,3,1455303064
32,13,5,1455302401
32,14,4,1455302697
32,15,4,1455398160
32,16,0,1455398096
32,17,2,1455357527
32,18,3,1455357602
32,19,5,1455398153
32,20,0,1455357626
32,21,2,1455302031
32,22,4,1455356796
32,23,3,1455301745
32,24,1,1455301854
32,25,3,1455401876
32,26,5,1455302162
32,27,5,1455357502
32,28,1,1455356357
32,29,1,1455359663
32,30,2,1455399396
32,31,4,1455356320
32,32,2,1455301825
32,33,2,1455357531
32,34,5,1455302791
32,35,0,1455302113
32,36,1,1455357564
32,37,1,1455398002
32,38,1,1455302689
32,39,1,1455301965
32,40,0,1455398339
32,41,3,1455302183
32,42,2,1455356863
32,43,4,1455357607
32,44,4,1455357596
32,45,0,1455304158
32,46,5,1455302747
32,47,2,1455399200
32,48,2,1455357636
32,49,1,1455398141
32,50,3,1455301869
32,51,1,1455301741
32,52,4,1455399573
32,53,0,1455356987
32,54,0,1455301822
32,55,3,1455398131
32,56,1,1455356351
32,57,0,1455356691
32,58,0,1455357541
32,59,2,1455302684
32,60,5,1455356988
32,61,2,1455306124
32,62,1,1455399347
32,63,4,1455357716
32,64,5,1455302591
32,65,1,1455399313
32,66,4,1455357720
32,67,0,1455398390
32,68,3,1455357730
32,69,1,1455398396
32,70,1,1455306257
32,71,2,1455357504
32,72,2,1455399281
32,73,3,1455356990
32,74,5,1455302120
32,75,3,1455301553
32,76,1,1455357387
32,77,2,1455398177
32,78,4,1455356885
32,79,2,1455398127
32,80,2,1455399376
32,81,0,1455302172
32,82,2,1455301892
32,83,4,1455398105
32,84,3,1455356994
32,85,2,1455398111
32,86,0,1455356177
32,87,5,1455357653
32,88,2,1455399232
32,89,0,1455357076
32,90,1,1455306204
32,91,3,1455398089
32,92,3,1455399188
32,93,5,1455302315
32,94,2,1455398092
32,95,3,1455357656
32,96,5,1455398144
32,97,0,1455357698
32,98,2,1455398275
32,99,2,1455302650
32,100,4,1455357384
33,1,5,1455302192
33,2,1,1455356898
33,3,3,1455356776
33,4,4,902154266
33,5,3,902154316
33,6,2,902155135
33,7,4,902154593
33,8,2,902154458
33,9,3,902154266
33,10,4,902154266
33,11,3,902154593
33,12,2,902154567
33,13,1,902154621
33,14,2,902154706
33,15,3,902154383
33,16,3,902155070
33,17,4,902154342
33,18,3,901200263
33,19,1,904510567
33,20,2,902154684
33,21,4,902154431
33,22,2,902154431
33,23,2,902154685
33,24,0,902154316
33,25,2,902154805
33,26,4,902154431
33,27,3,902154383
33,28,2,902154805
33,29,0,902154514
33,30,5,902155043
33,31,2,902154266
33,32,0,902155102
33,33,1,902154514
33,34,3,902154431
33,35,3,902154542
33,36,5,902154487
33,37,2,902154621
33,38,3,901200233
33,39,5,902154266
33,40,0,902155136
33,41,2,902154383
33,42,2,902154542
33,43,4,902154685
33,44,2,902154383
33,45,1,902154647
33,46,3,902154431
33,47,2,902154458
33,48,5,902154542
33,49,5,902155136
33,50,2,902154487
33,51,2,902154487
33,52,4,902154647
33,53,3,902154316
33,54,2,902154542
33,55,5,902154647
33,56,1,902155102
33,57,0,902155102
33,58,3,902154989
33,59,4,902155043
33,60,3,901200111
33,61,4,901200143
33,62,2,901200037
33,63,4,901200070
33,64,5,904510428
33,65,3,902154383
33,66,2,904510428
33,67,4,902153951
33,68,3,1247264471
33,69,4,1247264411
33,70,1,1247263465
33,71,3,1247263375
33,72,0,1247263357
33,73,3,1247263371
33,74,4,1247264106
33,75,3,1247263318
33,76,5,1247263452
33,77,4,1247264096
33,78,2,1247264114
33,79,4,1247264118
33,80,4,1247263404
33,81,5,1247263395
33,82,2,1247264463
33,83,2,1247263334
33,84,5,1247263670
33,85,4,1247263337
33,86,0,1247263495
33,87,4,1247264406
33,88,2,1247263689
33,89,5,1247263444
33,90,1,1247263398
33,91,5,1247263428
33,92,2,1247264220
33,93,1,1247263471
33,94,1,1247264420
33,95,1,1247264417
33,96,5,1247264138
33,97,3,1247264151
33,98,4,1247264192
33,99,5,1247264457
33,100,4,987895819
34,1,5,987456968
34,2,3,987456968
34,3,2,987457052
34,4,3,987456848
34,5,5,987457086
34,6,5,987895819
34,7,4,987456818
34,8,5,987456818
34,9,4,987456968
34,10,3,987456818
34,11,0,987456818
34,12,3,987457007
34,13,5,987895952
34,14,4,987895720
34,15,4,987895651
34,16,0,987895902
34,17,2,987895902
34,18,3,987895952
34,19,5,987895902
34,20,0,987895902
34,21,2,987895720
34,22,4,987895952
34,23,3,987896183
34,24,1,987895651
34,25,3,987895582
34,26,5,987895651
34,27,5,987895952
34,28,1,987895902
34,29,1,987895651
34,30,2,987895720
34,31,4,835441653
34,32,2,835441989
34,33,2,835441168
34,34,5,835441394
34,35,0,835441168
34,36,1,835441186
34,37,1,835441133
34,38,1,835441295
34,39,1,835441371
34,40,0,835441107
34,41,3,835440977
34,42,2,835441012
34,43,4,835441371
34,44,4,835441042
34,45,0,835441168
34,46,5,835441239
34,47,2,835441107
34,48,2,835440978
34,49,1,835441042
34,50,3,835441239
34,51,1,835441066
34,52,4,835441012
34,53,0,835441686
34,54,0,835441239
34,55,3,835441210
34,56,1,835441620
34,57,0,835441328
34,58,0,835441729
34,59,2,835441066
34,60,5,835442201
34,61,2,835441812
34,62,1,835441578
34,63,4,835441262
34,64,5,835441672
34,65,1,835441558
34,66,4,835441347
34,67,0,835442007
34,68,3,835441371
34,69,1,835441415
34,70,1,835441794
34,71,2,835441558
34,72,2,835441239
34,73,3,835441451
34,74,5,835440977
34,75,3,835440976
34,76,1,835441086
34,77,2,835441431
34,78,4,835442447
34,79,2,1510577970
34,80,2,1299424916
34,81,0,1510571970
34,82,2,1299424840
34,83,4,1299424762
34,84,3,1299425021
34,85,2,1510571946
34,86,0,1510571962
34,87,5,1510571877
34,88,2,1510571866
34,89,0,1299425002
34,90,1,1510571873
34,91,3,1510577958
34,92,3,1510571982
34,93,5,1510577985
34,94,2,1510572012
34,95,3,1510578088
34,96,5,1510572881
34,97,0,1299425064
34,98,2,1510571941
34,99,2,1510572645
34,100,4,1510571989
35,1,5,1510572775
35,2,1,1510572653
35,3,3,1510572684
35,4,4,1510572646
35,5,3,1510572001
35,6,2,1510571953
35,7,4,1299425144
35,8,2,1510572660
35,9,3,1510572798
35,10,4,1299424890
35,11,3,1299424826
35,12,2,1510572060
35,13,1,1510572114
35,14,2,1510571984
35,15,3,1510578011
35,16,3,1510578050
35,17,4,1299425040
35,18,3,1299424998
35,19,1,1510572005
35,20,2,1510571744
35,21,4,1510571764
35,22,2,1510571751
35,23,2,1510572872
35,24,0,1510571747
35,25,2,1510571797
35,26,4,1510573324
35,27,3,1510572526
35,28,2,1299425097
35,29,0,1510572486
35,30,5,1299425208
35,31,2,1510571768
35,32,0,1299425200
35,33,1,1510571680
35,34,3,1510572144
35,35,3,1510571677
35,36,5,1299425113
35,37,2,1510572048
35,38,3,1510571774
35,39,5,1510577965
35,40,0,1510573239
35,41,2,1510571736
35,42,2,1510577956
35,43,4,1510571754
35,44,2,1510571789
35,45,1,1510571793
35,46,3,1510578001
35,47,2,1510571759
35,48,5,1510577982
35,49,5,1510571938
35,50,2,1510577979
35,51,2,1510571682
35,52,4,1510572077
35,53,3,1510572802
35,54,2,1510572163
35,55,5,1510578083
35,56,1,1510572823
35,57,0,1510577973
35,58,3,1510572900
35,59,4,1510572550
35,60,3,1510573220
35,61,4,1510572075
35,62,2,1510577962
35,63,4,1510572810
35,64,5,1510571886
35,65,3,1510572096
35,66,2,1510577951
35,67,4,1510578158
35,68,3,1510572137
35,69,4,1510572824
35,70,1,1510577953
35,71,3,1299425345
35,72,0,1510572656
35,73,3,1510578034
35,74,4,1510578103
35,75,3,1510572052
35,76,5,1510571930
35,77,4,1510572834
35,78,2,1510573398
35,79,4,1510572833
35,80,4,1510572842
35,81,5,1510573214
35,82,2,1510571987
35,83,2,1510572894
35,84,5,1510572815
35,85,4,1510572473
35,86,0,1510571958
35,87,4,1510572902
35,88,2,1510573234
35,89,5,1510572095
35,90,1,1510572616
35,91,5,1510572056
35,92,2,1510571878
35,93,1,1510573153
35,94,1,1510572026
35,95,1,1510572466
35,96,5,1510571973
35,97,3,1510572159
35,98,4,1510572009
35,99,5,1510573154
35,100,4,1510572126
36,1,5,1510572679
36,2,3,1510571949
36,3,2,1510572670
36,4,3,1510573305
36,5,5,1510571883
36,6,5,1510572481
36,7,4,1510572581
36,8,5,1510572535
36,9,4,1510578039
36,10,3,1510578028
36,11,0,1510572512
36,12,3,1510572789
36,13,5,1510572516
36,14,4,1377477814
36,15,4,1377476781
36,16,0,1377477446
36,17,2,1377476617
36,18,3,1377476936
36,19,5,1377477870
36,20,0,1377477302
36,21,2,1377476766
36,22,4,1377476675
36,23,3,1377477951
36,24,1,1377476787
36,25,3,1377477340
36,26,5,1377476977
36,27,5,1377477406
36,28,1,1377477470
36,29,1,1377476943
36,30,2,1377476825
36,31,4,1377476589
36,32,2,1377476772
36,33,2,1377476805
36,34,5,1377476810
36,35,0,1377477016
36,36,1,1377477349
36,37,1,1377477608
36,38,1,1377476972
36,39,1,1377477315
36,40,0,1377476909
36,41,3,1377476649
36,42,2,1377476656
36,43,4,1377476813
36,44,4,1377476993
36,45,0,1377477008
36,46,5,1377476852
36,47,2,1377477911
36,48,2,1377477410
36,49,1,1377476856
36,50,3,1377476891
36,51,1,1377477450
36,52,4,1377476956
36,53,0,1377477839
36,54,0,1377477594
36,55,3,1377477957
36,56,1,1377477855
36,57,0,1377477576
36,58,0,1377477535
36,59,2,1377476948
36,60,5,1377476887
36,61,2,1377476629
36,62,1,1377477387
36,63,4,1377477457
36,64,5,1377477580
36,65,1,1377477583
36,66,4,1377477542
36,67,0,1377476680
36,68,3,1377477954
36,69,1,1377476792
36,70,1,1377476690
36,71,2,1377477278
36,72,2,1377476573
36,73,3,1377476611
36,74,5,1377476921
36,75,3,1377476582
36,76,1,1377476693
36,77,2,1377476594
36,78,4,1377477612
36,79,2,1377476998
36,80,2,1377476874
36,81,0,1377477521
36,82,2,1377477000
36,83,4,1377476635
36,84,3,1377476640
36,85,2,1377477379
36,86,0,1377477908
36,87,5,1377477903
36,88,2,1377477886
36,89,0,1377476669
36,90,1,1377477891
36,91,3,1377476925
36,92,3,1377477936
36,93,5,1377476860
36,94,2,1377477289
36,95,3,1377476877
36,96,5,1377477435
36,97,0,1377477424
36,98,2,1377477298
36,99,2,1377477637
36,100,4,1377477464
37,1,5,1377477293
37,2,1,1377477402
37,3,3,1377477684
37,4,4,1377477507
37,5,3,1377477809
37,6,2,1377476817
37,7,4,1377477834
37,8,2,1377477654
37,9,3,1377477830
37,10,4,1377476916
37,11,3,1377477940
37,12,2,1305696483
37,13,1,1305696245
37,14,2,1307262715
37,15,3,1305697013
37,16,3,1305696470
37,17,4,1326943208
37,18,3,1305696497
37,19,1,1305696468
37,20,2,1307262308
37,21,4,1305696455
37,22,2,1305696465
37,23,2,1305696457
37,24,0,1305696463
37,25,2,1305696664
37,26,4,1322628857
37,27,3,1305696475
37,28,2,1305696492
37,29,0,1305696480
37,30,5,1305696461
37,31,2,1307262443
37,32,0,1305696486
37,33,1,1305696683
37,34,3,1305696265
37,35,3,1307262274
37,36,5,1305696226
37,37,2,1305696325
37,38,3,1305696741
37,39,5,1307262280
37,40,0,1322629080
37,41,2,1305696318
37,42,2,1305696352
37,43,4,1305696771
37,44,2,1305696635
37,45,1,1305696774
37,46,3,1305696619
37,47,2,1106635640
37,48,5,1106712553
37,49,5,1106635540
37,50,2,1113542732
37,51,2,1106635420
37,52,4,1106713072
37,53,3,1106713076
37,54,2,1106713081
37,55,5,1106635648
37,56,1,1106712546
37,57,0,1106635500
37,58,3,1106713005
37,59,4,1106712549
37,60,3,1106636534
37,61,4,1106712541
37,62,2,1106635630
37,63,4,1106635733
37,64,5,1106636596
37,65,3,1106635635
37,66,2,1161738301
37,67,4,1106712913
37,68,3,1106635742
37,69,4,1110855253
37,70,1,1106635524
37,71,3,1107127033
37,72,0,1106712869
37,73,3,1106635749
37,74,4,1109746591
37,75,3,1161738352
37,76,5,1106635738
37,77,4,1106636531
37,78,2,1106636718
37,79,4,1106636702
37,80,4,1106636589
37,81,5,1106636610
37,82,2,1106712866
37,83,2,1106636606
37,84,5,1106635735
37,85,4,1106636707
37,86,0,1106712820
37,87,4,1106636612
37,88,2,1106635745
37,89,5,1106713586
37,90,1,1106635705
37,91,5,1106636527
37,92,2,1106636600
37,93,1,1106712818
37,94,1,1106636516
37,95,1,1106712831
37,96,5,1157949714
37,97,3,1106636584
37,98,4,1106712827
37,99,5,1106712812
37,100,4,1106636579
38,1,5,1106636520
38,2,3,1173051472
38,3,2,1107473963
38,4,3,1106713442
38,5,5,1106636782
38,6,5,1106636592
38,7,4,1108602792
38,8,5,1106636844
38,9,4,1106636511
38,10,3,1108602755
38,11,0,1106779625
38,12,3,1161738306
38,13,5,1106636602
38,14,4,1109746594
38,15,4,1106713549
38,16,0,1118025961
38,17,2,1110757877
38,18,3,1122333561
38,19,5,1110757890
38,20,0,1106636098
38,21,2,1110173697
38,22,4,1106636064
38,23,3,1106636095
38,24,1,1106636069
38,25,3,1111552650
38,26,5,1106636101
38,27,5,1107474020
38,28,1,1113353083
38,29,1,1107127004
38,30,2,1118025982
38,31,4,1118025946
38,32,2,1122940686
38,33,2,1118026013
38,34,5,1128486479
38,35,0,1116550784
38,36,1,1121041079
38,37,1,1121041002
38,38,1,1125442102
38,39,1,1121041015
38,40,0,1122333538
38,41,3,1162163504
38,42,2,1149548381
38,43,4,1144806100
38,44,4,1157949636
38,45,0,1157066190
38,46,5,1159225196
38,47,2,1161738279
38,48,2,1157949732
38,49,1,1169687318
38,50,3,1162163488
38,51,1,1174263740
38,52,4,1165876367
38,53,0,1174263775
38,54,0,1176181731
38,55,3,1173051469
38,56,1,839463806
38,57,0,839463509
38,58,0,839463806
38,59,2,839463564
38,60,5,839463624
38,61,2,839463546
38,62,1,839463644
38,63,4,839463546
38,64,5,839463644
38,65,1,839463527
38,66,4,839464076
38,67,0,839463422
38,68,3,839463451
38,69,1,839463509
38,70,1,839463856
38,71,2,839463509
38,72,2,839463470
38,73,3,839464076
38,74,5,839463767
38,75,3,839463856
38,76,1,839463509
38,77,2,839463767
38,78,4,839463489
38,79,2,839463422
38,80,2,839463644
38,81,0,839463489
38,82,2,839463509
38,83,4,839463527
38,84,3,839463767
38,85,2,839463546
38,86,0,839463564
38,87,5,839463644
38,88,2,839463422
38,89,0,839463702
38,90,1,839463728
38,91,3,839463546
38,92,3,839463489
38,93,5,839463527
38,94,2,839463624
38,95,3,839463728
38,96,5,839463728
38,97,0,839463702
38,98,2,839463702
38,99,2,839463422
38,100,4,839463422
39,1,5,839463470
39,2,1,839463728
39,3,3,1044656650
39,4,4,1044657119
39,5,3,1044656650
39,6,2,1044656716
39,7,4,1044657102
39,8,2,1044657026
39,9,3,1044657026
39,10,4,1044656650
39,11,3,1044657088
39,12,2,1044656716
39,13,1,1044657088
39,14,2,1044656650
39,15,3,1044656716
39,16,3,1044657200
39,17,4,1044657237
39,18,3,1044656650
39,19,1,1044657072
39,20,2,1044657221
39,21,4,1044656716
39,22,2,1044656650
39,23,2,1044656650
39,24,0,1044657051
39,25,2,1044657221
39,26,4,1044656650
39,27,3,1044657051
39,28,2,1044656811
39,29,0,1044656811
39,30,5,1044656792
39,31,2,1044656836
39,32,0,1044656836
39,33,1,1044656836
39,34,3,1044656836
39,35,3,1044657318
39,36,5,1044657269
39,37,2,1044656962
39,38,3,1044656792
39,39,5,1044657318
39,40,0,1044657144
39,41,2,1044656934
39,42,2,1044656908
39,43,4,1044656962
39,44,2,1044657338
39,45,1,1044657185
39,46,3,1044657269
39,47,2,1044657072
39,48,5,1044657285
39,49,5,1455303387
39,50,2,1455301685
39,51,2,1455306173
39,52,4,1455357645
39,53,3,1455302254
39,54,2,1455306152
39,55,5,1455619275
39,56,1,1455303518
39,57,0,1455357613
39,58,3,1455301699
39,59,4,1455306183
39,60,3,1455356378
39,61,4,1455357517
39,62,2,1455356388
39,63,4,1455356578
39,64,5,1455356582
39,65,3,1455356591
39,66,2,1455398344
39,67,4,1455302676
39,68,3,1455356595
39,69,4,1455398321
39,70,1,1455356385
39,71,3,1455301798
39,72,0,1455399329
39,73,3,1455301898
39,74,4,1455357578
39,75,3,1455303078
39,76,5,1455356588
39,77,4,1455397999
39,78,2,1455357557
39,79,4,1455303070
39,80,4,1455306101
39,81,5,1455398379
39,82,2,1455301621
39,83,2,1455399533
39,84,5,1455302670
39,85,4,1455356347
39,86,0,1455399087
39,87,4,1455303046
39,88,2,1455402085
39,89,5,1455303057
39,90,1,1455399289
39,91,5,1455356656
39,92,2,1455398107
39,93,1,1455301847
39,94,1,1455356713
39,95,1,1455356327
39,96,5,1455397936
39,97,3,1455303064
39,98,4,1455302401
39,99,5,1455302697
39,100,4,1455398160
40,1,5,1455398096
40,2,3,1455357527
40,3,2,1455357602
40,4,3,1455398153
40,5,5,1455357626
40,6,5,1455302031
40,7,4,1455356796
40,8,5,1455301745
40,9,4,1455301854
40,10,3,1455401876
40,11,0,1455302162
40,12,3,1455357502
40,13,5,1455356357
40,14,4,1455359663
40,15,4,1455399396
40,16,0,1455356320
40,17,2,1455301825
40,18,3,1455357531
40,19,5,1455302791
40,20,0,1455302113
40,21,2,1455357564
40,22,4,1455398002
40,23,3,1455302689
40,24,1,1455301965
40,25,3,1455398339
40,26,5,1455302183
40,27,5,1455356863
40,28,1,1455357607
40,29,1,1455357596
40,30,2,1455304158
40,31,4,1455302747
40,32,2,1455399200
40,33,2,1455357636
40,34,5,1455398141
40,35,0,1455301869
40,36,1,1455301741
40,37,1,1455399573
40,38,1,1455356987
40,39,1,1455301822
40,40,0,1455398131
40,41,3,1455356351
40,42,2,1455356691
40,43,4,1455357541
40,44,4,1455302684
40,45,0,1455356988
40,46,5,1455306124
40,47,2,1455399347
40,48,2,1455357716
40,49,1,1455302591
40,50,3,1455399313
40,51,1,1455357720
40,52,4,1455398390
40,53,0,1455357730
40,54,0,1455398396
40,55,3,1455306257
40,56,1,1455357504
40,57,0,1455399281
40,58,0,1455356990
40,59,2,1455302120
40,60,5,1455301553
40,61,2,1455357387
40,62,1,1455398177
40,63,4,1455356885
40,64,5,1455398127
40,65,1,1455399376
40,66,4,1455302172
40,67,0,1455301892
40,68,3,1455398105
40,69,1,1455356994
40,70,1,1455398111
40,71,2,1455356177
40,72,2,1455357653
40,73,3,1455399232
40,74,5,1455357076
40,75,3,1455306204
40,76,1,1455398089
40,77,2,1455399188
40,78,4,1455302315
40,79,2,1455398092
40,80,2,1455357656
40,81,0,1455398144
40,82,2,1455357698
40,83,4,1455398275
40,84,3,1455302650
40,85,2,1455357384
40,86,0,1455302192
40,87,5,1455356898
40,88,2,1455356776
40,89,0,902154266
40,90,1,902154316
40,91,3,902155135
40,92,3,902154593
40,93,5,902154458
40,94,2,902154266
40,95,3,902154266
40,96,5,902154593
40,97,0,902154567
40,98,2,902154621
40,99,2,902154706
40,100,4,902154383
41,1,4,902154383
41,2,3,964982703
41,3,5,964981247
41,4,4,964982224
41,5,1,964983815
41,6,5,964982931
41,7,1,964982400
41,8,0,964980868
41,9,0,964982176
41,10,1,964984041
41,11,3,964984100
41,12,4,964983650
41,13,0,964981208
41,14,5,964980985
41,15,5,964981179
41,16,5,964980908
41,17,1,964981680
41,18,2,964982967
41,19,1,964982310
41,20,3,964981179
41,21,5,964982563
41,22,2,964980962
41,23,3,964982588
41,24,5,964981710
41,25,4,964982363
41,26,0,964980868
41,27,4,964981909
41,28,3,964982346
41,29,0,964981208
41,30,0,964984002
41,31,5,964981179
41,32,4,964982653
41,33,5,964984153
41,34,5,964982546
41,35,2,964982271
41,36,0,964983793
41,37,2,964982838
41,38,4,964982931
41,39,0,964982563
41,40,2,964982838
41,41,2,964981775
41,42,1,964982400
41,43,0,964982653
41,44,5,964984086
41,45,1,964980499
41,46,4,964982475
41,47,2,964981529
41,48,4,964982176
41,49,3,964983614
41,50,0,964983219
41,51,2,964981775
41,52,2,964982681
41,53,0,964982876
41,54,5,964982791
41,55,1,964982855
41,56,5,964982903
41,57,5,964982653
41,58,4,964982791
41,59,5,964981179
41,60,4,964982400
41,61,0,964980924
41,62,4,964981680
41,63,2,964981327
41,64,0,964982951
41,65,1,964984018
41,66,1,964983484
41,67,0,964981680
41,68,2,964982513
41,69,2,964981327
41,70,0,964981827
41,71,0,964981872
41,72,5,964981827
41,73,5,964983737
41,74,1,964983250
41,75,5,964980499
41,76,2,964982951
41,77,3,964981855
41,78,1,964983393
41,79,1,964981909
41,80,2,964981909
41,81,3,964984018
41,82,0,964983618
41,83,0,964983723
41,84,2,964981442
41,85,5,964983414
41,86,4,964983599
41,87,1,964983705
41,88,5,964982290
41,89,5,964983414
41,90,3,964982703
41,91,3,964981909
41,92,1,964984086
41,93,5,964983393
41,94,5,964982653
41,95,3,964983017
41,96,0,964982310
41,97,3,964984112
41,98,1,964980875
41,99,0,964980985
41,100,3,964981107
42,1,4,964982620
42,2,0,964982290
42,3,1,964981125
42,4,1,964982346
42,5,2,964982951
42,6,5,964983056
42,7,2,964983504
42,8,0,964983536
42,9,4,964982620
42,10,4,964981125
42,11,1,964981230
42,12,1,964981404
42,13,2,964983034
42,14,1,964983056
42,15,2,964981780
42,16,0,964981497
42,17,1,964982176
42,18,3,964981710
42,19,5,964982211
42,20,1,964981710
42,21,5,964984176
42,22,2,964980523
42,23,3,964981888
42,24,4,964982903
42,25,4,964982563
42,26,1,964982791
42,27,3,964981747
42,28,3,964982400
42,29,1,964982838
42,30,3,964982838
42,31,3,964981710
42,32,3,964982653
42,33,4,964982838
42,34,3,964982588
42,35,1,964981725
42,36,4,964982529
42,37,3,964982876
42,38,1,964982791
42,39,1,964982791
42,40,0,964982838
42,41,2,964981725
42,42,0,964981710
42,43,0,964981680
42,44,4,964981710
42,45,0,964981775
42,46,2,964982989
42,47,0,964982310
42,48,4,964983664
42,49,4,964983263
42,50,0,964983546
42,51,0,964983861
42,52,4,964982462
42,53,2,964983123
42,54,1,964983094
42,55,4,964981093
42,56,4,964982310
42,57,3,964982513
42,58,2,964982242
42,59,4,964982620
42,60,1,964983414
42,61,5,964982588
42,62,0,964984169
42,63,3,965719662
42,64,2,964981278
42,65,5,964982328
42,66,0,964982242
42,67,1,964981265
42,68,4,964981888
42,69,1,964983000
42,70,5,964981144
42,71,4,964983080
42,72,2,964982588
42,73,2,964980523
42,74,5,964982377
42,75,3,964982620
42,76,5,964983393
42,77,5,964983414
42,78,1,964983393
42,79,3,964983426
42,80,0,964981855
42,81,3,964980985
42,82,0,964983414
42,83,0,964982703
42,84,0,964981710
42,85,1,964980523
42,86,1,964980868
42,87,5,964981680
42,88,1,964982703
42,89,3,964982290
42,90,0,964981872
42,91,5,964982176
42,92,4,964982191
42,93,2,964981888
42,94,4,964983282
42,95,3,964983034
42,96,5,964982495
42,97,4,964982271
42,98,0,964982242
42,99,4,964980896
42,100,2,964983762
43,1,0,964982791
43,2,2,964981208
43,3,0,964984086
43,4,2,964981872
43,5,0,964983873
43,6,1,964982495
43,7,3,964983504
43,8,1,964981093
43,9,3,964983108
43,10,2,964981107
43,11,3,964983536
43,12,0,964983484
43,13,3,964981799
43,14,4,964981799
43,15,2,964982328
43,16,4,964984054
43,17,1,964981144
43,18,0,964981725
43,19,2,964981775
43,20,2,964982271
43,21,4,964980668
43,22,0,964980683
43,23,4,964982271
43,24,3,964981589
43,25,4,964983737
43,26,5,964981909
43,27,2,964982363
43,28,5,964982417
43,29,2,964980694
43,30,2,964981855
43,31,1,964981220
43,32,1,964982903
43,33,2,964984002
43,34,0,1445714835
43,35,0,1445715029
43,36,1,1445715228
43,37,5,1445714885
43,38,1,1445714952
43,39,4,1445714960
43,40,0,1445715013
43,41,0,1445715064
43,42,3,1445715141
43,43,2,1445714980
43,44,3,1445715154
43,45,5,1445714974
43,46,5,1445714926
43,47,2,1445714941
43,48,3,1445714841
43,49,0,1445715340
43,50,3,1445715172
43,51,5,1445715166
43,52,5,1445715189
43,53,1,1445714891
43,54,4,1445714938
43,55,4,1445714874
43,56,4,1445714966
43,57,5,1445715145
43,58,3,1445714882
43,59,0,1445715276
43,60,4,1445714854
43,61,0,1445715272
43,62,4,1445714851
43,63,1,1306463578
43,64,4,1306464275
43,65,3,1306463619
43,66,3,1306464228
43,67,0,1306463595
43,68,3,1306463611
43,69,5,1306463567
43,70,2,1306463627
43,71,4,1306464216
43,72,5,1306463569
43,73,1,1306463624
43,74,4,1306463323
43,75,0,1306464189
43,76,4,1306463561
43,77,0,1306464003
43,78,1,1306464175
43,79,0,1306463572
43,80,2,1306464261
43,81,0,1306463559
43,82,0,1306463631
43,83,5,1306464293
43,84,1,1306463925
43,85,0,1306464054
43,86,1,1306463638
43,87,1,1306463603
43,88,5,1306464245
43,89,4,1306463770
43,90,2,1306464284
43,91,1,1306463718
43,92,1,1306463708
43,93,3,1306464021
43,94,5,1306463825
43,95,2,1306464204
43,96,0,1306463670
43,97,4,1306464036
43,98,5,1306463684
43,99,2,1306463993
43,100,1,1306463815
44,1,3,1306464164
44,2,3,986935199
44,3,5,945173447
44,4,5,986935047
44,5,5,945173425
44,6,4,964622786
44,7,1,964538444
44,8,5,986848784
44,9,4,964622758
44,10,3,986848920
44,11,0,945078571
44,12,5,945078428
44,13,5,964622565
44,14,0,945079259
44,15,0,945079078
44,16,2,945629040
44,17,3,964622684
44,18,4,945173513
44,19,2,986848894
44,20,1,945079259
44,21,5,964538468
44,22,3,945173350
44,23,5,945079182
44,24,3,964538500
44,25,1,945629063
44,26,2,964622786
44,27,0,986934901
44,28,4,964623306
44,29,5,945078690
44,30,3,945078467
44,31,1,986934915
44,32,3,986848828
44,33,1,945079259
44,34,2,945174290
44,35,0,945079872
44,36,4,945079106
44,37,3,945078636
44,38,2,964538832
44,39,2,945079301
44,40,5,945079670
44,41,5,964539986
44,42,1,986848609
44,43,3,945078587
44,44,2,964540008
44,45,4,945079906
44,46,0,986935230
44,47,2,945078601
44,48,2,945079106
44,49,4,964622714
44,50,0,964623347
44,51,5,945079653
44,52,1,945078446
44,53,2,945079837
44,54,3,945173902
44,55,5,945173989
44,56,0,945173902
44,57,4,945079670
44,58,5,945079521
44,59,0,945173602
44,60,5,964538571
44,61,2,986849085
44,62,5,945079232
44,63,2,945173654
44,64,4,964540578
44,65,5,986934819
44,66,5,945079483
44,67,1,945173692
44,68,1,945078946
44,69,4,986934696
44,70,4,945079259
44,71,3,964539723
44,72,4,964538500
44,73,1,964539723
44,74,5,986934625
44,75,1,964539180
44,76,1,964778513
44,77,5,964538500
44,78,1,964538763
44,79,5,964538763
44,80,3,964538728
44,81,2,945078967
44,82,2,945174025
44,83,5,964539205
44,84,0,945079729
44,85,5,964539961
44,86,3,964539326
44,87,4,945174008
44,88,2,964538728
44,89,0,964622684
44,90,5,986849037
44,91,3,986934832
44,92,3,945079653
44,93,1,945078690
44,94,0,945079653
44,95,1,964538763
44,96,2,945078467
44,97,1,945173766
44,98,2,945079767
44,99,4,945173492
44,100,1,964622830
45,1,3,945079790
45,2,2,986935244
45,3,3,945079906
45,4,1,945079837
45,5,4,964622758
45,6,2,945629015
45,7,0,945079956
45,8,1,945079889
45,9,1,945079143
45,10,2,964539357
45,11,1,945174134
45,12,5,986849001
45,13,2,964622642
45,14,0,964622617
45,15,2,964539431
45,16,2,945629179
45,17,4,964540505
45,18,4,964622714
45,19,0,986934786
45,20,1,986934870
45,21,4,945079653
45,22,3,964622684
45,23,5,945078967
45,24,4,986934786
45,25,1,945078690
45,26,5,945079052
45,27,1,945079521
45,28,5,986935016
45,29,5,986935328
45,30,2,986934738
45,31,2,964539855
45,32,5,945174008
45,33,3,945079729
45,34,1,964540008
45,35,1,945629238
45,36,1,964622590
45,37,0,964538964
45,38,4,945078467
45,39,0,964622590
45,40,3,945079164
45,41,1,964623306
45,42,2,986935302
45,43,0,945079858
45,44,2,945173385
45,45,3,945078863
45,46,3,964622684
45,47,2,986848894
45,48,4,945079790
45,49,3,945079013
45,50,4,945078542
45,51,2,964539986
45,52,5,964778621
45,53,1,945173553
45,54,2,964539628
45,55,1,945078814
45,56,3,964539140
45,57,3,986935016
45,58,3,945078708
45,59,0,986934870
45,60,4,945078528
45,61,5,945078946
45,62,0,986848610
45,63,0,986936200
45,64,2,945079920
45,65,3,986934884
45,66,5,964778197
45,67,1,964622487
45,68,2,964539121
45,69,0,964538930
45,70,0,964539771
45,71,1,964539828
45,72,3,964623306
45,73,3,986934498
45,74,1,964622758
45,75,2,964538329
45,76,5,964539395
45,77,2,986849238
45,78,0,964538243
45,79,4,986848908
45,80,0,964538351
45,81,0,986849212
45,82,0,986935199
45,83,5,964539085
45,84,3,986936207
45,85,4,986849180
45,86,2,986934465
45,87,2,986849149
45,88,5,986849164
45,89,1,986849130
45,90,2,986934819
45,91,3,986849254
45,92,5,986848856
45,93,0,986849180
45,94,5,986849201
45,95,3,986849226
45,96,4,986849149
45,97,3,986848753
45,98,0,986848665
45,99,4,986934901
45,100,1,986848685
46,1,0,986848700
46,2,3,1007569424
46,3,3,986848685
46,4,1,1007574542
46,5,3,1007569465
46,6,1,1007569424
46,7,1,1007574470
46,8,5,1007569465
46,9,4,1007569586
46,10,0,1007574509
46,11,1,1007569586
46,12,0,1007574532
46,13,3,1007569445
46,14,3,1007569445
46,15,1,1007574532
46,16,2,1007569465
46,17,0,1007569424
46,18,0,847434962
46,19,4,847435238
46,20,4,847434881
46,21,1,847435292
46,22,5,847434961
46,23,3,847434881
46,24,2,847435238
46,25,1,847434880
46,26,0,847434748
46,27,2,847434802
46,28,0,847435292
46,29,4,847435337
46,30,4,847435292
46,31,5,847435238
46,32,5,847435129
46,33,3,847435311
46,34,2,847435311
46,35,3,847434748
46,36,4,847435337
46,37,2,847434832
46,38,4,847434880
46,39,5,847434802
46,40,3,847434832
46,41,5,847435238
46,42,1,847434882
46,43,0,847435129
46,44,5,847434748
46,45,1,847435292
46,46,3,847434801
46,47,3,847435337
46,48,1,847435311
46,49,0,847435129
46,50,3,847434960
46,51,5,847435258
46,52,1,847435311
46,53,1,847434801
46,54,4,847435258
46,55,0,847434747
46,56,1,847434747
46,57,1,847435238
46,58,3,847434832
46,59,2,847435292
46,60,5,847434962
46,61,1,847435258
46,62,2,845553522
46,63,5,845554296
46,64,3,845554349
46,65,1,845553938
46,66,0,845553757
46,67,3,845554264
46,68,2,845555281
46,69,4,845553253
46,70,2,845553489
46,71,0,845555588
46,72,1,845554505
46,73,3,845553819
46,74,4,845553559
46,75,0,845553382
46,76,4,845553382
46,77,1,845553875
46,78,0,845554397
46,79,5,845553695
46,80,5,845555362
46,81,4,845555402
46,82,1,845553819
46,83,2,845553426
46,84,5,845553354
46,85,2,845553726
46,86,2,845554962
46,87,2,845555607
46,88,1,845553907
46,89,4,845554551
46,90,0,845553317
46,91,5,845553381
46,92,2,845555402
46,93,4,845554263
46,94,3,845555454
46,95,5,845553660
46,96,1,845555070
46,97,2,845555151
46,98,0,845555317
46,99,4,845554907
46,100,5,845556131
47,1,1,845555300
47,2,5,845555694
47,3,4,845555124
47,4,0,845555454
47,5,1,845554584
47,6,4,845553559
47,7,5,845555151
47,8,4,845555436
47,9,1,845554349
47,10,1,845553757
47,11,5,845553283
47,12,4,845553994
47,13,4,845556257
47,14,0,845555342
47,15,2,845554987
47,16,5,845555024
47,17,2,845553586
47,18,2,845553966
47,19,2,845555607
47,20,2,845553110
47,21,2,845553586
47,22,2,845553146
47,23,3,845553660
47,24,5,845555006
47,25,3,845553457
47,26,3,845553253
47,27,2,845553907
47,28,0,845553146
47,29,0,845553695
47,30,4,845554263
47,31,4,845555402
47,32,2,845554479
47,33,5,845554931
47,34,5,845555362
47,35,3,845555006
47,36,5,845553938
47,37,4,845553283
47,38,4,845553619
47,39,3,845556241
47,40,2,845554931
47,41,1,845554455
47,42,0,845553586
47,43,2,845556290
47,44,3,845553619
47,45,4,845555477
47,46,0,845554024
47,47,5,845553253
47,48,3,845556106
47,49,3,845556310
47,50,5,845556181
47,51,2,845554099
47,52,3,845555382
47,53,0,845553994
47,54,3,845556131
47,55,1,845554024
47,56,3,845553794
47,57,2,845553381
47,58,4,845553966
47,59,0,845553174
47,60,2,845554176
47,61,5,845553559
47,62,1,845553875
47,63,1,845554987
47,64,0,845555571
47,65,2,845555588
47,66,0,845554263
47,67,0,845555588
47,68,3,845556257
47,69,0,845553619
47,70,2,845553283
47,71,2,845555655
47,72,2,845553726
47,73,5,845554176
47,74,0,845555172
47,75,0,845553695
47,76,0,845554551
47,77,2,845553726
47,78,4,845553457
47,79,5,845554376
47,80,0,845555172
47,81,1,845555249
47,82,4,845553875
47,83,2,845555151
47,84,1,845553907
47,85,4,845553844
47,86,4,845555436
47,87,4,845554320
47,88,1,845553522
47,89,1,845553283
47,90,1,845554455
47,91,0,845555571
47,92,4,845553253
47,93,3,845553660
47,94,1,845553110
47,95,2,845555436
47,96,4,845554099
47,97,2,845555546
47,98,4,845556119
47,99,1,845555151
47,100,1,845555546
48,1,0,845554603
48,2,2,845553522
48,3,4,845553174
48,4,0,845553457
48,5,2,845553200
48,6,4,845554062
48,7,3,845553200
48,8,1,845555071
48,9,1,845555046
48,10,3,845553757
48,11,0,845556223
48,12,1,845553586
48,13,1,845553253
48,14,2,845555265
48,15,1,845553938
48,16,4,845555172
48,17,1,845553146
48,18,4,845555300
48,19,4,845553938
48,20,3,845553146
48,21,1,845553489
48,22,3,845554455
48,23,1,845555382
48,24,4,845553726
48,25,4,845555402
48,26,2,845553819
48,27,2,845553200
48,28,3,845553457
48,29,2,845555265
48,30,3,845556412
48,31,1,845555094
48,32,5,845554376
48,33,3,845553994
48,34,0,845553317
48,35,0,845554962
48,36,0,845553317
48,37,3,845553726
48,38,5,845553794
48,39,1,845554141
48,40,1,845554296
48,41,2,845553317
48,42,0,845554987
48,43,4,845553110
48,44,1,845553994
48,45,4,845554397
48,46,2,845554320
48,47,5,845554603
48,48,4,845553354
48,49,1,845554505
48,50,0,845554420
48,51,1,845554962
48,52,0,845554224
48,53,1,845554551
48,54,1,845553489
48,55,4,845553200
48,56,5,845553489
48,57,0,845554505
48,58,4,845553457
48,59,5,845555124
48,60,1,845555024
48,61,4,845553283
48,62,1,845554062
48,63,2,845553174
48,64,1,845555546
48,65,1,845555281
48,66,2,845553844
48,67,4,845553907
48,68,5,845555477
48,69,5,845555632
48,70,3,845553522
48,71,2,845554099
48,72,5,845554141
48,73,2,845553200
48,74,5,845553794
48,75,5,845554505
48,76,2,845554584
48,77,2,845554141
48,78,3,845555172
48,79,5,845554176
48,80,3,845553819
48,81,4,845553354
48,82,2,845554455
48,83,4,845555317
48,84,0,845553586
48,85,5,845553522
48,86,3,845555546
48,87,0,845553794
48,88,3,845554908
48,89,1,845553844
48,90,4,845554479
48,91,4,845553426
48,92,5,845554296
48,93,1,845554224
48,94,2,845556181
48,95,1,845554551
48,96,4,845553426
48,97,3,845554099
48,98,0,845554524
48,99,2,845554099
48,100,5,845554349
49,1,0,845554908
49,2,3,845553875
49,3,1,845553559
49,4,4,845555342
49,5,4,845555070
49,6,0,845553381
49,7,0,845553146
49,8,4,845553317
49,9,2,845553109
49,10,1,845553109
49,11,0,845553174
49,12,0,845553819
49,13,2,845553174
49,14,3,845554141
49,15,2,845553354
49,16,3,845555024
49,17,3,845553844
49,18,4,845555342
49,19,4,845554062
49,20,4,845555300
49,21,4,845555265
49,22,0,845555046
49,23,4,845555362
49,24,3,845555151
49,25,5,845556147
49,26,4,845555342
49,27,1,845555694
49,28,2,845556378
49,29,1,845556147
49,30,3,845555571
49,31,0,845554376
49,32,4,845555249
49,33,5,845556223
49,34,1,845555317
49,35,0,845555694
49,36,1,845553619
49,37,4,845555046
49,38,4,845555006
49,39,0,845555632
49,40,0,845556462
49,41,0,845556915
49,42,0,845554584
49,43,4,845556506
49,44,4,845555656
49,45,3,845556194
49,46,1,845554584
49,47,5,845555514
49,48,2,845556222
49,49,3,845556194
49,50,4,845556241
49,51,4,845555514
49,52,4,845556120
49,53,0,845555675
49,54,1,845556340
49,55,4,845555694
49,56,5,845556412
49,57,1,845556181
49,58,0,845556340
49,59,0,845556448
49,60,0,845556241
49,61,1,845556808
49,62,0,845556567
49,63,2,845556475
49,64,1,845556808
49,65,5,845556323
49,66,3,845556412
49,67,3,845556506
49,68,5,845556694
49,69,4,845556462
49,70,0,845556694
49,71,0,845556860
49,72,2,845556579
49,73,4,845555571
49,74,1,845556278
49,75,3,845555454
49,76,4,1106635946
49,77,1,1106635993
49,78,0,1106635520
49,79,4,1106635925
49,80,4,1106635987
49,81,1,1106635933
49,82,4,1106635915
49,83,2,1106635937
49,84,2,1106635532
49,85,5,1106635917
49,86,4,1106635714
49,87,1,1106635971
49,88,1,1106635940
49,89,1,1106635922
49,90,1,1106635912
49,91,1,1106712636
49,92,4,1106635981
49,93,5,1106636810
49,94,4,1106635943
49,95,3,1106635685
49,96,1,1106712615
49,97,0,1106635502
49,98,0,1106712613
49,99,3,1106635996
49,100,3,1106635462
50,1,4,1106635965
50,2,3,1106635496
50,3,3,1106635464
50,4,2,1106712575
50,5,5,1106635678
50,6,2,1106635681
50,7,1,1106635489
50,8,4,1106635423
50,9,2,1106635429
50,10,4,1107127060
50,11,4,1106635653
50,12,5,1106635416
50,13,2,1106635484
50,14,3,1106635444
50,15,1,1106635657
50,16,0,1106713565
50,17,3,1106712559
50,18,2,1106635625
50,19,2,1106635640
50,20,5,1106712553
50,21,4,1106635540
50,22,1,1113542732
50,23,4,1106635420
50,24,2,1106713072
50,25,3,1106713076
50,26,4,1106713081
50,27,3,1106635648
50,28,0,1106712546
50,29,1,1106635500
50,30,0,1106713005
50,31,2,1106712549
50,32,2,1106636534
50,33,0,1106712541
50,34,0,1106635630
50,35,5,1106635733
50,36,2,1106636596
50,37,2,1106635635
50,38,2,1161738301
50,39,4,1106712913
50,40,1,1106635742
50,41,0,1110855253
50,42,4,1106635524
50,43,1,1107127033
50,44,1,1106712869
50,45,2,1106635749
50,46,1,1109746591
50,47,3,1161738352
50,48,0,1106635738
50,49,2,1106636531
50,50,4,1106636718
50,51,1,1106636702
50,52,2,1106636589
50,53,4,1106636610
50,54,4,1106712866
50,55,2,1106636606
50,56,2,1106635735
50,57,2,1106636707
50,58,5,1106712820
50,59,5,1106636612
50,60,3,1106635745
50,61,2,1106713586
50,62,5,1106635705
50,63,1,1106636527
50,64,4,1106636600
50,65,1,1106712818
50,66,5,1106636516
50,67,1,1106712831
50,68,5,1157949714
50,69,3,1106636584
50,70,0,1106712827
50,71,5,1106712812
50,72,4,1106636579
50,73,3,1106636520
50,74,3,1173051472
50,75,5,1107473963
50,76,1,1106713442
50,77,3,1106636782
50,78,0,1106636592
50,79,4,1108602792
50,80,5,1106636844
50,81,5,1106636511
50,82,3,1108602755
50,83,1,1106779625
50,84,4,1161738306
50,85,2,1106636602
50,86,2,1109746594
50,87,2,1106713549
50,88,3,1118025961
50,89,4,1110757877
50,90,2,1122333561
50,91,0,1110757890
50,92,5,1106636098
50,93,4,1110173697
50,94,4,1106636064
50,95,2,1106636095
50,96,2,1106636069
50,97,4,1111552650
50,98,2,1106636101
50,99,1,1107474020
50,100,4,1113353083
